id,courseId,enrollmentDate,completionStatus,completionDate,lastUpdated,percentage,userId,learningPathId
1,23,2024-10-07,In Progress,,2024-10-14,47,EMP0012,10
2,18,2022-09-03,Completed,2024-07-18,2024-10-14,85,EMP0071,
3,30,2022-01-09,In Progress,,2024-10-14,46,EMP0849,
4,12,2023-09-10,Completed,2024-03-19,2024-10-14,87,EMP0819,
5,46,2020-11-08,In Progress,,2024-10-14,17,EMP0161,4
6,18,2021-07-06,In Progress,,2024-10-14,20,EMP0805,
7,4,2022-04-18,Completed,2023-11-13,2024-10-14,90,EMP0178,
8,47,2023-10-04,Completed,2024-04-01,2024-10-14,71,EMP0972,7
9,8,2023-07-09,In Progress,,2024-10-14,4,EMP0818,
10,49,2023-09-08,Completed,2023-09-27,2024-10-14,85,EMP0971,
11,16,2021-06-24,Completed,2023-04-01,2024-10-14,79,EMP0572,10
12,12,2020-07-08,Completed,2023-09-21,2024-10-14,70,EMP0402,
13,48,2023-02-02,In Progress,,2024-10-14,13,EMP0657,
14,47,2024-10-10,Completed,2024-10-10,2024-10-14,52,EMP0966,2
15,17,2020-10-25,In Progress,,2024-10-14,5,EMP0179,
16,23,2020-03-20,Completed,2020-10-16,2024-10-14,94,EMP0260,8
17,43,2024-04-29,Completed,2024-10-05,2024-10-14,77,EMP0097,6
18,31,2023-08-09,Completed,2023-08-30,2024-10-14,95,EMP0973,
19,22,2024-07-31,Completed,2024-08-07,2024-10-14,65,EMP0854,
20,31,2024-10-07,In Progress,,2024-10-14,16,EMP0037,
21,30,2022-06-18,Completed,2024-09-08,2024-10-14,85,EMP0494,5
22,12,2022-08-05,Completed,2023-12-22,2024-10-14,56,EMP0490,
23,17,2019-11-18,Completed,2021-04-04,2024-10-14,70,EMP0253,7
24,41,2020-06-25,In Progress,,2024-10-14,32,EMP0270,
25,24,2024-01-18,In Progress,,2024-10-14,50,EMP0017,6
26,47,2022-09-21,Completed,2023-09-07,2024-10-14,71,EMP0737,
27,28,2024-08-10,In Progress,,2024-10-14,19,EMP0724,8
28,9,2021-05-01,Completed,2022-03-27,2024-10-14,92,EMP0976,
29,7,2022-04-24,In Progress,,2024-10-14,40,EMP0770,
30,28,2024-06-15,In Progress,,2024-10-14,25,EMP0229,
31,13,2019-12-28,In Progress,,2024-10-14,33,EMP0245,9
32,12,2021-04-18,In Progress,,2024-10-14,42,EMP0009,
33,41,2023-01-24,Completed,2024-07-11,2024-10-14,97,EMP0158,
34,25,2024-10-06,In Progress,,2024-10-14,38,EMP0690,
35,30,2022-07-18,In Progress,,2024-10-14,12,EMP0414,9
36,31,2020-02-19,Completed,2022-04-14,2024-10-14,98,EMP0277,
37,50,2023-12-18,In Progress,,2024-10-14,8,EMP0670,6
38,47,2020-12-04,In Progress,,2024-10-14,36,EMP0447,2
39,10,2024-02-13,In Progress,,2024-10-14,11,EMP0430,
40,43,2021-10-25,In Progress,,2024-10-14,17,EMP0234,1
41,45,2021-09-15,In Progress,,2024-10-14,18,EMP0847,
42,46,2024-07-24,Completed,2024-08-12,2024-10-14,90,EMP0079,4
43,20,2020-08-30,Completed,2023-11-16,2024-10-14,93,EMP0194,3
44,13,2020-10-23,In Progress,,2024-10-14,22,EMP0490,6
45,1,2020-05-10,In Progress,,2024-10-14,33,EMP0132,1
46,10,2020-01-06,In Progress,,2024-10-14,45,EMP0265,
47,49,2024-06-11,In Progress,,2024-10-14,37,EMP0784,
48,23,2019-11-15,In Progress,,2024-10-14,13,EMP0226,1
49,1,2022-07-07,Completed,2024-08-02,2024-10-14,64,EMP0974,
50,9,2019-10-21,In Progress,,2024-10-14,48,EMP0497,10
51,25,2022-08-20,Completed,2023-12-26,2024-10-14,92,EMP0847,5
52,14,2024-06-20,In Progress,,2024-10-14,50,EMP0717,9
53,43,2023-05-18,In Progress,,2024-10-14,29,EMP0946,6
54,40,2023-04-14,In Progress,,2024-10-14,28,EMP0144,
55,44,2020-09-08,In Progress,,2024-10-14,43,EMP0050,
56,40,2022-04-24,Completed,2023-02-26,2024-10-14,69,EMP0146,7
57,38,2020-09-07,In Progress,,2024-10-14,26,EMP0060,9
58,26,2023-09-25,In Progress,,2024-10-14,37,EMP0583,4
59,3,2023-06-03,In Progress,,2024-10-14,6,EMP0315,
60,34,2024-03-26,In Progress,,2024-10-14,33,EMP0373,8
61,8,2023-04-30,In Progress,,2024-10-14,45,EMP0859,
62,3,2024-07-31,Completed,2024-08-25,2024-10-14,76,EMP0106,4
63,25,2023-03-17,In Progress,,2024-10-14,48,EMP0401,
64,31,2022-06-17,In Progress,,2024-10-14,11,EMP0766,9
65,48,2021-04-25,Completed,2024-09-19,2024-10-14,84,EMP0048,2
66,6,2023-10-21,Completed,2024-10-11,2024-10-14,58,EMP0660,
67,50,2024-09-28,In Progress,,2024-10-14,15,EMP0946,
68,50,2024-03-12,In Progress,,2024-10-14,44,EMP0552,
69,23,2020-02-17,In Progress,,2024-10-14,32,EMP0461,
70,4,2021-02-11,In Progress,,2024-10-14,16,EMP0567,10
71,47,2022-05-11,In Progress,,2024-10-14,28,EMP0325,2
72,5,2022-07-03,In Progress,,2024-10-14,11,EMP0822,
73,46,2020-04-07,Completed,2023-08-31,2024-10-14,68,EMP0892,3
74,5,2022-07-05,Completed,2023-03-09,2024-10-14,65,EMP0208,
75,7,2023-07-19,Completed,2023-10-24,2024-10-14,62,EMP0607,6
76,27,2019-12-18,In Progress,,2024-10-14,4,EMP0267,9
77,45,2020-03-21,In Progress,,2024-10-14,20,EMP0113,2
78,6,2023-06-18,Completed,2023-06-27,2024-10-14,78,EMP0646,
79,40,2023-10-16,In Progress,,2024-10-14,5,EMP0135,1
80,7,2023-10-17,Completed,2024-10-08,2024-10-14,59,EMP0661,6
81,9,2023-03-12,Completed,2023-10-19,2024-10-14,51,EMP0603,
82,17,2022-04-07,Completed,2022-08-28,2024-10-14,51,EMP0736,1
83,19,2022-09-01,Completed,2023-12-06,2024-10-14,71,EMP0857,8
84,45,2023-05-25,In Progress,,2024-10-14,28,EMP0953,7
85,17,2020-10-30,In Progress,,2024-10-14,37,EMP0931,
86,12,2021-09-25,In Progress,,2024-10-14,7,EMP0934,3
87,4,2024-08-20,In Progress,,2024-10-14,37,EMP0433,5
88,32,2022-03-31,In Progress,,2024-10-14,16,EMP0138,
89,16,2024-06-06,Completed,2024-09-14,2024-10-14,87,EMP0006,
90,14,2021-11-02,In Progress,,2024-10-14,1,EMP0112,5
91,6,2022-09-17,Completed,2024-03-01,2024-10-14,63,EMP0614,
92,25,2022-05-25,Completed,2023-09-20,2024-10-14,57,EMP0325,
93,19,2020-09-22,Completed,2021-01-24,2024-10-14,60,EMP0204,
94,35,2024-03-27,Completed,2024-09-05,2024-10-14,91,EMP0958,
95,22,2023-05-25,Completed,2024-02-01,2024-10-14,89,EMP0865,
96,26,2024-07-02,In Progress,,2024-10-14,49,EMP0160,
97,49,2022-01-21,In Progress,,2024-10-14,20,EMP0076,8
98,47,2022-10-13,In Progress,,2024-10-14,30,EMP0143,7
99,36,2022-06-11,Completed,2023-09-17,2024-10-14,63,EMP0942,
100,3,2019-11-04,In Progress,,2024-10-14,38,EMP0548,
101,2,2020-06-14,Completed,2023-12-01,2024-10-14,53,EMP0044,
102,2,2020-04-14,In Progress,,2024-10-14,38,EMP0164,5
103,16,2020-08-23,In Progress,,2024-10-14,27,EMP0759,
104,24,2022-10-12,Completed,2024-10-11,2024-10-14,69,EMP0125,
105,17,2021-01-28,In Progress,,2024-10-14,3,EMP0873,3
106,17,2020-01-21,Completed,2023-04-16,2024-10-14,92,EMP0354,
107,35,2023-10-29,Completed,2024-04-06,2024-10-14,76,EMP0460,
108,23,2024-09-19,Completed,2024-10-02,2024-10-14,89,EMP0449,6
109,39,2022-04-06,Completed,2023-02-02,2024-10-14,66,EMP0849,2
110,25,2019-11-19,In Progress,,2024-10-14,36,EMP0695,
111,28,2021-07-14,Completed,2024-04-24,2024-10-14,94,EMP0992,4
112,29,2024-09-05,Completed,2024-10-06,2024-10-14,94,EMP0185,
113,26,2021-05-27,In Progress,,2024-10-14,37,EMP0338,
114,46,2021-04-08,Completed,2022-05-10,2024-10-14,62,EMP0135,5
115,9,2023-08-02,Completed,2024-05-04,2024-10-14,83,EMP0496,8
116,5,2020-05-16,In Progress,,2024-10-14,35,EMP0316,8
117,32,2022-06-05,Completed,2024-04-21,2024-10-14,81,EMP0335,6
118,19,2020-07-15,In Progress,,2024-10-14,18,EMP0744,7
119,17,2021-11-27,In Progress,,2024-10-14,34,EMP0477,5
120,14,2023-06-14,In Progress,,2024-10-14,38,EMP0469,
121,28,2022-11-12,In Progress,,2024-10-14,4,EMP0743,
122,38,2021-07-01,Completed,2024-03-14,2024-10-14,90,EMP0805,9
123,9,2020-03-01,Completed,2021-04-06,2024-10-14,98,EMP0427,
124,8,2020-04-08,Completed,2020-05-20,2024-10-14,82,EMP0384,1
125,22,2020-08-09,Completed,2023-06-18,2024-10-14,52,EMP0168,
126,37,2020-10-04,Completed,2021-07-31,2024-10-14,61,EMP0902,
127,19,2020-04-03,Completed,2023-10-10,2024-10-14,65,EMP0304,
128,9,2023-11-03,In Progress,,2024-10-14,17,EMP0363,
129,7,2021-06-10,In Progress,,2024-10-14,46,EMP0587,6
130,23,2024-05-04,Completed,2024-07-17,2024-10-14,90,EMP0703,
131,8,2021-11-21,Completed,2023-02-18,2024-10-14,75,EMP0882,4
132,37,2020-10-15,Completed,2022-08-12,2024-10-14,55,EMP0410,
133,28,2021-06-07,Completed,2024-08-01,2024-10-14,94,EMP0093,
134,48,2022-05-13,Completed,2024-04-17,2024-10-14,52,EMP0398,
135,7,2019-10-17,Completed,2024-05-04,2024-10-14,98,EMP0474,
136,9,2021-11-14,Completed,2022-06-14,2024-10-14,98,EMP0020,6
137,1,2023-03-07,In Progress,,2024-10-14,3,EMP0419,
138,49,2023-04-25,In Progress,,2024-10-14,43,EMP0345,5
139,18,2021-07-14,In Progress,,2024-10-14,26,EMP0533,6
140,33,2023-02-18,In Progress,,2024-10-14,49,EMP0210,
141,24,2021-06-26,Completed,2023-05-18,2024-10-14,55,EMP0435,4
142,7,2020-06-22,Completed,2023-12-03,2024-10-14,81,EMP0824,10
143,48,2022-10-19,Completed,2022-12-04,2024-10-14,52,EMP0760,
144,2,2024-03-08,In Progress,,2024-10-14,47,EMP0142,9
145,39,2023-12-03,In Progress,,2024-10-14,37,EMP0597,8
146,12,2022-12-29,In Progress,,2024-10-14,2,EMP0584,1
147,14,2021-10-23,In Progress,,2024-10-14,11,EMP0189,
148,33,2024-09-06,In Progress,,2024-10-14,6,EMP0082,3
149,40,2020-06-18,Completed,2022-12-13,2024-10-14,87,EMP0289,8
150,27,2020-11-15,In Progress,,2024-10-14,17,EMP0384,10
151,15,2022-10-19,Completed,2024-01-27,2024-10-14,78,EMP0921,
152,40,2022-10-03,In Progress,,2024-10-14,20,EMP0696,8
153,40,2020-06-30,Completed,2021-01-03,2024-10-14,51,EMP0256,10
154,1,2020-06-10,Completed,2021-02-10,2024-10-14,96,EMP0201,
155,32,2020-11-16,Completed,2023-07-05,2024-10-14,72,EMP0440,5
156,23,2021-05-15,Completed,2021-07-08,2024-10-14,60,EMP0705,10
157,11,2020-09-29,Completed,2022-10-18,2024-10-14,55,EMP0035,
158,1,2024-05-24,Completed,2024-07-12,2024-10-14,71,EMP0227,9
159,32,2024-05-05,Completed,2024-10-04,2024-10-14,65,EMP0525,5
160,39,2022-09-19,In Progress,,2024-10-14,17,EMP0391,2
161,47,2019-10-28,Completed,2021-09-08,2024-10-14,50,EMP0234,6
162,12,2023-12-21,Completed,2024-06-15,2024-10-14,90,EMP0498,7
163,47,2024-05-04,In Progress,,2024-10-14,2,EMP0865,
164,35,2020-10-06,Completed,2023-03-17,2024-10-14,55,EMP0958,
165,14,2022-01-04,In Progress,,2024-10-14,32,EMP0843,
166,19,2024-03-28,Completed,2024-07-20,2024-10-14,92,EMP0363,1
167,1,2023-03-12,Completed,2023-04-17,2024-10-14,83,EMP0799,
168,27,2022-07-30,Completed,2023-11-15,2024-10-14,95,EMP0929,
169,4,2022-01-08,In Progress,,2024-10-14,47,EMP0550,6
170,37,2021-07-24,In Progress,,2024-10-14,44,EMP0568,
171,34,2022-11-20,Completed,2024-05-16,2024-10-14,75,EMP0099,
172,44,2020-04-01,Completed,2024-03-05,2024-10-14,56,EMP0126,
173,6,2023-12-18,Completed,2024-06-11,2024-10-14,69,EMP0802,7
174,9,2019-11-16,In Progress,,2024-10-14,5,EMP0344,4
175,13,2022-09-17,Completed,2024-09-15,2024-10-14,64,EMP0003,9
176,11,2021-06-03,In Progress,,2024-10-14,14,EMP0860,
177,23,2022-06-08,In Progress,,2024-10-14,18,EMP0806,
178,21,2024-05-04,In Progress,,2024-10-14,41,EMP0319,8
179,35,2021-09-01,In Progress,,2024-10-14,49,EMP0409,6
180,25,2020-08-28,In Progress,,2024-10-14,15,EMP0955,
181,26,2022-03-08,Completed,2022-11-04,2024-10-14,77,EMP0675,
182,45,2021-04-14,In Progress,,2024-10-14,13,EMP0694,2
183,50,2020-06-26,In Progress,,2024-10-14,45,EMP0209,
184,39,2020-11-29,In Progress,,2024-10-14,31,EMP0376,6
185,22,2019-11-15,Completed,2023-01-13,2024-10-14,60,EMP0091,
186,3,2022-04-08,In Progress,,2024-10-14,10,EMP0597,10
187,35,2020-07-13,Completed,2024-01-25,2024-10-14,64,EMP0146,2
188,28,2023-03-18,In Progress,,2024-10-14,40,EMP0532,
189,6,2024-09-12,Completed,2024-10-06,2024-10-14,63,EMP1000,
190,49,2022-08-19,In Progress,,2024-10-14,50,EMP0934,6
191,45,2024-02-29,Completed,2024-05-21,2024-10-14,58,EMP0492,3
192,15,2022-04-15,Completed,2022-05-16,2024-10-14,63,EMP0604,
193,17,2024-01-08,Completed,2024-05-17,2024-10-14,76,EMP0702,6
194,33,2024-03-03,Completed,2024-03-28,2024-10-14,96,EMP0044,2
195,23,2020-08-29,Completed,2023-01-20,2024-10-14,60,EMP0602,
196,19,2021-05-23,In Progress,,2024-10-14,16,EMP0491,8
197,31,2021-12-06,Completed,2022-11-26,2024-10-14,84,EMP0556,4
198,38,2021-09-20,In Progress,,2024-10-14,45,EMP0920,
199,20,2021-01-27,In Progress,,2024-10-14,4,EMP0658,10
200,3,2020-12-27,Completed,2021-03-01,2024-10-14,98,EMP0147,
201,3,2022-05-07,Completed,2022-07-13,2024-10-14,90,EMP0042,2
202,36,2021-08-05,In Progress,,2024-10-14,37,EMP0148,
203,1,2022-09-25,Completed,2024-07-17,2024-10-14,84,EMP0564,
204,35,2023-11-14,Completed,2024-02-26,2024-10-14,75,EMP0595,7
205,44,2024-08-26,In Progress,,2024-10-14,0,EMP0004,
206,19,2021-05-13,In Progress,,2024-10-14,11,EMP0270,
207,47,2021-08-03,Completed,2022-07-29,2024-10-14,66,EMP0819,1
208,39,2023-06-18,Completed,2024-04-06,2024-10-14,96,EMP0292,
209,24,2024-01-30,Completed,2024-07-24,2024-10-14,51,EMP0552,2
210,9,2021-04-18,In Progress,,2024-10-14,37,EMP0275,
211,43,2023-11-28,In Progress,,2024-10-14,20,EMP0108,
212,20,2020-12-25,Completed,2020-12-29,2024-10-14,82,EMP0524,9
213,25,2021-08-28,In Progress,,2024-10-14,19,EMP0599,7
214,33,2021-07-23,Completed,2023-10-23,2024-10-14,60,EMP0352,
215,7,2021-09-04,In Progress,,2024-10-14,21,EMP0756,1
216,43,2020-02-29,Completed,2022-12-31,2024-10-14,57,EMP0135,4
217,26,2022-04-28,In Progress,,2024-10-14,48,EMP0398,
218,42,2021-05-01,Completed,2024-06-25,2024-10-14,73,EMP0500,5
219,35,2020-06-14,In Progress,,2024-10-14,18,EMP0274,
220,20,2023-06-18,Completed,2024-09-23,2024-10-14,68,EMP0665,4
221,31,2020-11-16,In Progress,,2024-10-14,50,EMP0745,
222,20,2021-12-12,In Progress,,2024-10-14,24,EMP0221,
223,28,2024-10-11,In Progress,,2024-10-14,37,EMP0957,
224,31,2021-08-18,Completed,2023-12-16,2024-10-14,60,EMP0370,7
225,8,2020-06-11,Completed,2020-08-26,2024-10-14,96,EMP0622,10
226,5,2024-07-19,In Progress,,2024-10-14,37,EMP0742,4
227,21,2023-03-12,Completed,2023-11-23,2024-10-14,93,EMP0641,
228,20,2023-05-08,In Progress,,2024-10-14,5,EMP0855,
229,45,2023-04-29,In Progress,,2024-10-14,43,EMP0467,
230,29,2020-07-07,In Progress,,2024-10-14,33,EMP0470,9
231,2,2023-09-24,Completed,2024-06-04,2024-10-14,59,EMP0705,
232,39,2020-04-09,In Progress,,2024-10-14,38,EMP0121,
233,34,2020-08-05,Completed,2022-07-29,2024-10-14,53,EMP0133,5
234,19,2022-10-10,Completed,2023-01-22,2024-10-14,59,EMP0039,10
235,40,2024-07-15,In Progress,,2024-10-14,28,EMP0062,2
236,50,2023-03-25,In Progress,,2024-10-14,25,EMP0972,
237,1,2022-01-03,In Progress,,2024-10-14,44,EMP0471,
238,5,2023-10-18,Completed,2024-09-27,2024-10-14,62,EMP0142,
239,29,2024-05-07,In Progress,,2024-10-14,9,EMP0315,
240,27,2024-05-11,In Progress,,2024-10-14,40,EMP0701,
241,9,2020-02-27,In Progress,,2024-10-14,9,EMP0142,
242,13,2022-02-10,Completed,2024-05-25,2024-10-14,91,EMP0800,7
243,8,2023-12-31,Completed,2024-06-23,2024-10-14,54,EMP0409,4
244,14,2020-07-30,Completed,2023-04-26,2024-10-14,86,EMP0513,
245,37,2023-07-13,Completed,2024-04-29,2024-10-14,84,EMP0027,1
246,39,2020-11-26,In Progress,,2024-10-14,6,EMP0197,3
247,23,2021-06-07,Completed,2022-12-03,2024-10-14,99,EMP0399,6
248,3,2022-02-14,In Progress,,2024-10-14,20,EMP0047,
249,2,2021-09-08,In Progress,,2024-10-14,28,EMP0587,1
250,14,2023-11-16,In Progress,,2024-10-14,0,EMP0534,
251,31,2022-06-07,In Progress,,2024-10-14,0,EMP0970,
252,44,2020-07-02,In Progress,,2024-10-14,5,EMP0771,
253,40,2022-10-21,In Progress,,2024-10-14,23,EMP0447,
254,5,2023-01-15,In Progress,,2024-10-14,47,EMP0016,10
255,16,2020-10-25,Completed,2023-03-28,2024-10-14,52,EMP0319,10
256,11,2021-01-31,In Progress,,2024-10-14,28,EMP0529,9
257,19,2020-11-03,Completed,2023-09-13,2024-10-14,54,EMP0804,
258,10,2024-07-13,Completed,2024-08-11,2024-10-14,53,EMP0559,
259,16,2022-05-22,In Progress,,2024-10-14,14,EMP0014,10
260,32,2024-05-08,Completed,2024-05-24,2024-10-14,99,EMP0533,
261,9,2021-01-19,In Progress,,2024-10-14,35,EMP0909,
262,37,2023-05-05,In Progress,,2024-10-14,18,EMP0639,3
263,14,2024-01-06,In Progress,,2024-10-14,39,EMP0595,1
264,26,2024-06-13,In Progress,,2024-10-14,1,EMP0266,
265,43,2019-10-15,In Progress,,2024-10-14,13,EMP0120,
266,40,2020-06-09,Completed,2022-01-29,2024-10-14,94,EMP0736,5
267,16,2023-10-31,Completed,2024-06-30,2024-10-14,59,EMP0115,3
268,40,2023-12-03,Completed,2024-01-04,2024-10-14,53,EMP0435,
269,16,2019-12-20,Completed,2024-09-27,2024-10-14,81,EMP0255,8
270,20,2019-11-13,In Progress,,2024-10-14,5,EMP0048,1
271,9,2022-05-15,In Progress,,2024-10-14,25,EMP0026,
272,49,2022-12-06,In Progress,,2024-10-14,24,EMP0357,
273,43,2022-07-23,In Progress,,2024-10-14,47,EMP0001,1
274,7,2021-02-22,Completed,2021-12-22,2024-10-14,95,EMP0659,
275,11,2023-04-29,In Progress,,2024-10-14,24,EMP0774,
276,43,2024-05-07,In Progress,,2024-10-14,28,EMP0068,7
277,26,2020-08-03,Completed,2022-11-12,2024-10-14,83,EMP0673,
278,21,2023-11-14,Completed,2024-08-23,2024-10-14,50,EMP0841,9
279,17,2020-09-08,In Progress,,2024-10-14,31,EMP0977,
280,4,2024-01-05,Completed,2024-06-18,2024-10-14,92,EMP0949,
281,18,2021-11-17,In Progress,,2024-10-14,40,EMP0891,
282,45,2023-09-30,Completed,2024-01-15,2024-10-14,52,EMP0453,
283,43,2020-06-02,In Progress,,2024-10-14,27,EMP0010,
284,42,2024-08-02,In Progress,,2024-10-14,15,EMP0891,9
285,35,2021-05-21,In Progress,,2024-10-14,9,EMP0754,5
286,44,2020-08-28,In Progress,,2024-10-14,34,EMP0097,1
287,42,2024-06-30,Completed,2024-09-20,2024-10-14,88,EMP0803,4
288,29,2023-03-29,In Progress,,2024-10-14,2,EMP0761,7
289,24,2024-07-01,In Progress,,2024-10-14,6,EMP0399,10
290,16,2023-07-20,Completed,2024-03-06,2024-10-14,68,EMP0006,
291,44,2019-10-30,Completed,2024-04-07,2024-10-14,65,EMP0877,
292,15,2021-07-11,Completed,2022-11-14,2024-10-14,84,EMP0063,10
293,16,2022-08-23,In Progress,,2024-10-14,20,EMP0159,
294,44,2020-08-29,Completed,2021-01-19,2024-10-14,71,EMP0111,
295,4,2023-09-01,In Progress,,2024-10-14,15,EMP0986,
296,22,2023-07-19,Completed,2024-05-16,2024-10-14,55,EMP0579,6
297,36,2022-03-07,In Progress,,2024-10-14,32,EMP0487,
298,15,2024-06-25,Completed,2024-10-04,2024-10-14,81,EMP0991,10
299,3,2020-01-15,In Progress,,2024-10-14,48,EMP0776,
300,6,2021-09-22,In Progress,,2024-10-14,46,EMP0243,1
301,13,2021-11-18,Completed,2023-11-14,2024-10-14,70,EMP0169,2
302,2,2021-05-20,Completed,2023-10-14,2024-10-14,88,EMP0935,4
303,4,2023-07-17,In Progress,,2024-10-14,9,EMP0971,6
304,40,2021-04-11,In Progress,,2024-10-14,5,EMP0462,10
305,39,2022-01-02,In Progress,,2024-10-14,5,EMP0652,1
306,12,2022-11-19,In Progress,,2024-10-14,36,EMP0032,
307,28,2020-03-23,Completed,2021-09-03,2024-10-14,59,EMP0299,1
308,21,2021-11-18,In Progress,,2024-10-14,36,EMP0111,4
309,47,2021-05-07,In Progress,,2024-10-14,13,EMP0245,6
310,10,2020-03-25,Completed,2020-10-14,2024-10-14,57,EMP0108,7
311,24,2020-06-30,In Progress,,2024-10-14,50,EMP0782,
312,1,2024-07-14,Completed,2024-09-06,2024-10-14,100,EMP0766,2
313,9,2024-02-28,Completed,2024-09-26,2024-10-14,86,EMP0956,8
314,36,2021-11-07,In Progress,,2024-10-14,45,EMP0515,
315,26,2021-08-22,In Progress,,2024-10-14,4,EMP0873,
316,16,2024-03-30,In Progress,,2024-10-14,29,EMP0336,3
317,2,2024-09-14,Completed,2024-09-17,2024-10-14,90,EMP0091,4
318,43,2024-01-15,In Progress,,2024-10-14,3,EMP0338,6
319,27,2023-03-28,In Progress,,2024-10-14,17,EMP0251,
320,36,2020-05-14,Completed,2023-03-16,2024-10-14,60,EMP0180,8
321,20,2024-06-16,In Progress,,2024-10-14,38,EMP0346,
322,5,2020-04-25,In Progress,,2024-10-14,47,EMP0871,7
323,39,2021-07-28,Completed,2024-02-27,2024-10-14,94,EMP0198,
324,9,2022-02-04,Completed,2023-08-24,2024-10-14,70,EMP0364,7
325,33,2023-02-20,Completed,2024-03-11,2024-10-14,96,EMP0129,
326,14,2019-11-09,Completed,2024-01-17,2024-10-14,76,EMP0523,5
327,1,2019-11-06,In Progress,,2024-10-14,29,EMP0213,
328,48,2024-01-02,In Progress,,2024-10-14,15,EMP0484,
329,17,2024-01-05,In Progress,,2024-10-14,28,EMP0403,
330,8,2019-10-14,In Progress,,2024-10-14,11,EMP0754,2
331,40,2024-07-01,Completed,2024-08-24,2024-10-14,64,EMP0953,4
332,46,2023-09-29,In Progress,,2024-10-14,9,EMP0992,1
333,38,2022-06-19,In Progress,,2024-10-14,43,EMP0692,3
334,14,2023-02-22,Completed,2024-07-08,2024-10-14,74,EMP0593,2
335,21,2024-01-09,Completed,2024-09-01,2024-10-14,55,EMP0307,9
336,10,2020-12-17,Completed,2021-07-10,2024-10-14,89,EMP0928,2
337,10,2022-01-25,In Progress,,2024-10-14,39,EMP0755,10
338,32,2020-03-01,In Progress,,2024-10-14,22,EMP0084,3
339,5,2023-09-06,Completed,2023-09-15,2024-10-14,92,EMP0675,
340,14,2024-10-02,In Progress,,2024-10-14,18,EMP0505,2
341,4,2022-05-27,In Progress,,2024-10-14,11,EMP0507,3
342,49,2022-08-29,Completed,2022-09-17,2024-10-14,95,EMP0623,9
343,46,2023-01-29,Completed,2023-12-06,2024-10-14,54,EMP0672,
344,39,2023-10-19,In Progress,,2024-10-14,1,EMP0247,3
345,25,2020-12-02,In Progress,,2024-10-14,25,EMP0524,
346,33,2023-01-05,In Progress,,2024-10-14,11,EMP0176,8
347,23,2023-03-27,In Progress,,2024-10-14,40,EMP0105,1
348,15,2021-07-28,In Progress,,2024-10-14,31,EMP0699,
349,32,2023-07-31,Completed,2024-03-05,2024-10-14,98,EMP0673,1
350,36,2024-07-04,Completed,2024-10-04,2024-10-14,63,EMP0143,
351,8,2019-11-18,In Progress,,2024-10-14,28,EMP0333,
352,50,2024-06-30,In Progress,,2024-10-14,3,EMP0744,
353,25,2023-09-15,In Progress,,2024-10-14,18,EMP0816,1
354,20,2023-05-01,Completed,2024-07-23,2024-10-14,78,EMP0579,
355,49,2024-03-15,In Progress,,2024-10-14,10,EMP0268,5
356,37,2021-09-08,In Progress,,2024-10-14,38,EMP0238,
357,36,2019-10-26,In Progress,,2024-10-14,7,EMP0899,
358,6,2023-06-26,In Progress,,2024-10-14,6,EMP0386,
359,23,2024-05-13,Completed,2024-08-10,2024-10-14,91,EMP0422,7
360,16,2022-08-18,Completed,2024-08-04,2024-10-14,80,EMP0181,8
361,16,2020-07-12,Completed,2022-08-01,2024-10-14,60,EMP0038,2
362,26,2023-09-23,In Progress,,2024-10-14,32,EMP0167,6
363,26,2021-03-10,In Progress,,2024-10-14,10,EMP0012,
364,25,2021-06-23,In Progress,,2024-10-14,15,EMP0114,
365,16,2021-03-23,Completed,2023-02-13,2024-10-14,70,EMP0882,7
366,43,2022-05-09,In Progress,,2024-10-14,23,EMP0503,
367,21,2024-08-02,Completed,2024-09-24,2024-10-14,50,EMP0725,
368,39,2024-08-28,In Progress,,2024-10-14,39,EMP0128,2
369,8,2022-08-22,Completed,2024-03-29,2024-10-14,70,EMP0417,
370,26,2023-11-11,Completed,2024-07-24,2024-10-14,55,EMP0225,5
371,10,2021-05-08,Completed,2024-10-01,2024-10-14,67,EMP0039,
372,3,2021-02-18,Completed,2024-02-29,2024-10-14,69,EMP0536,
373,15,2023-02-26,In Progress,,2024-10-14,12,EMP0731,10
374,33,2024-03-29,Completed,2024-05-22,2024-10-14,99,EMP0616,
375,4,2024-01-23,In Progress,,2024-10-14,30,EMP0065,
376,11,2020-07-20,Completed,2022-04-15,2024-10-14,95,EMP0561,
377,19,2021-08-27,Completed,2023-07-17,2024-10-14,51,EMP0260,
378,1,2020-03-05,Completed,2024-07-10,2024-10-14,51,EMP0290,7
379,43,2023-10-17,In Progress,,2024-10-14,26,EMP0384,
380,27,2022-07-26,Completed,2023-05-17,2024-10-14,97,EMP0406,
381,2,2022-04-13,Completed,2023-04-24,2024-10-14,75,EMP0821,8
382,24,2022-05-23,Completed,2023-06-21,2024-10-14,90,EMP0689,
383,12,2024-02-05,Completed,2024-08-26,2024-10-14,62,EMP0998,3
384,39,2023-12-15,Completed,2024-05-06,2024-10-14,91,EMP0923,5
385,6,2023-05-23,Completed,2023-12-06,2024-10-14,86,EMP0586,
386,50,2024-08-19,In Progress,,2024-10-14,32,EMP0497,
387,44,2022-06-14,Completed,2024-06-14,2024-10-14,65,EMP0069,6
388,19,2021-03-29,In Progress,,2024-10-14,18,EMP0610,2
389,2,2024-06-15,In Progress,,2024-10-14,17,EMP0717,2
390,22,2020-06-02,Completed,2021-07-09,2024-10-14,96,EMP0523,
391,38,2021-10-13,In Progress,,2024-10-14,35,EMP0700,7
392,20,2021-04-16,Completed,2024-09-18,2024-10-14,69,EMP0387,1
393,12,2024-09-23,In Progress,,2024-10-14,19,EMP0740,4
394,38,2020-09-19,Completed,2022-06-13,2024-10-14,91,EMP0105,8
395,10,2020-07-12,Completed,2023-08-21,2024-10-14,83,EMP0124,10
396,35,2021-11-03,Completed,2024-02-21,2024-10-14,92,EMP0611,
397,40,2020-04-14,In Progress,,2024-10-14,13,EMP0807,
398,4,2021-05-27,In Progress,,2024-10-14,40,EMP0022,9
399,31,2020-09-06,Completed,2021-02-20,2024-10-14,84,EMP0168,1
400,41,2022-01-26,Completed,2023-06-17,2024-10-14,59,EMP0758,
401,25,2023-08-19,Completed,2024-10-02,2024-10-14,72,EMP0248,
402,24,2023-04-16,In Progress,,2024-10-14,14,EMP0047,
403,8,2021-04-02,In Progress,,2024-10-14,6,EMP0675,8
404,28,2020-11-12,In Progress,,2024-10-14,2,EMP0034,10
405,25,2021-01-13,In Progress,,2024-10-14,13,EMP0542,8
406,7,2020-05-25,In Progress,,2024-10-14,24,EMP0266,10
407,41,2022-06-18,In Progress,,2024-10-14,36,EMP0775,
408,38,2021-09-26,Completed,2024-05-17,2024-10-14,54,EMP0065,2
409,9,2024-03-07,Completed,2024-06-02,2024-10-14,55,EMP0961,
410,44,2021-09-08,In Progress,,2024-10-14,49,EMP0903,2
411,48,2023-12-03,In Progress,,2024-10-14,15,EMP0926,8
412,46,2024-03-30,In Progress,,2024-10-14,35,EMP0738,6
413,44,2024-01-31,In Progress,,2024-10-14,35,EMP0460,
414,23,2023-06-21,In Progress,,2024-10-14,8,EMP0792,10
415,34,2024-04-28,Completed,2024-09-07,2024-10-14,89,EMP0290,
416,23,2022-06-13,In Progress,,2024-10-14,35,EMP0326,9
417,20,2021-11-12,Completed,2024-07-24,2024-10-14,95,EMP0094,
418,6,2024-08-24,In Progress,,2024-10-14,10,EMP0823,
419,28,2022-07-01,Completed,2022-12-13,2024-10-14,80,EMP0046,
420,17,2022-06-30,Completed,2023-12-03,2024-10-14,61,EMP0367,1
421,46,2023-08-08,Completed,2024-06-30,2024-10-14,97,EMP0884,
422,33,2022-10-10,In Progress,,2024-10-14,11,EMP0555,3
423,21,2024-10-03,Completed,2024-10-09,2024-10-14,98,EMP0939,
424,46,2021-12-24,In Progress,,2024-10-14,17,EMP0005,
425,6,2022-07-20,Completed,2022-09-12,2024-10-14,58,EMP0466,
426,11,2019-11-25,In Progress,,2024-10-14,4,EMP0477,
427,2,2024-10-12,In Progress,,2024-10-14,7,EMP0209,4
428,1,2020-09-29,Completed,2021-10-31,2024-10-14,79,EMP0228,
429,28,2023-02-05,In Progress,,2024-10-14,12,EMP0181,
430,49,2020-01-28,In Progress,,2024-10-14,49,EMP0545,
431,20,2021-10-08,Completed,2024-05-14,2024-10-14,86,EMP0518,1
432,10,2021-10-02,In Progress,,2024-10-14,8,EMP0660,4
433,2,2023-10-06,In Progress,,2024-10-14,20,EMP0114,9
434,4,2023-10-06,Completed,2023-12-06,2024-10-14,50,EMP0844,6
435,40,2020-07-05,In Progress,,2024-10-14,7,EMP0603,3
436,50,2022-04-20,Completed,2024-04-29,2024-10-14,73,EMP0866,
437,1,2023-07-11,Completed,2024-02-05,2024-10-14,57,EMP0963,
438,36,2021-10-16,In Progress,,2024-10-14,32,EMP0967,
439,35,2021-04-04,Completed,2023-01-12,2024-10-14,61,EMP0148,
440,46,2024-01-26,In Progress,,2024-10-14,41,EMP0502,
441,36,2022-09-29,Completed,2023-06-07,2024-10-14,52,EMP0964,8
442,34,2022-08-28,In Progress,,2024-10-14,40,EMP0025,
443,6,2023-08-01,Completed,2023-08-21,2024-10-14,65,EMP0759,
444,36,2020-10-25,In Progress,,2024-10-14,49,EMP0326,
445,48,2024-03-22,In Progress,,2024-10-14,40,EMP0142,
446,37,2022-11-29,Completed,2023-01-06,2024-10-14,79,EMP0839,
447,24,2022-12-28,Completed,2024-05-17,2024-10-14,77,EMP0506,
448,13,2021-01-12,Completed,2024-02-08,2024-10-14,93,EMP0039,
449,32,2022-02-05,Completed,2024-08-13,2024-10-14,60,EMP0522,
450,4,2024-02-20,Completed,2024-08-10,2024-10-14,76,EMP0005,7
451,8,2024-02-26,Completed,2024-07-14,2024-10-14,73,EMP0477,
452,47,2022-11-04,In Progress,,2024-10-14,26,EMP0463,
453,44,2024-06-03,In Progress,,2024-10-14,19,EMP0939,
454,27,2020-02-25,In Progress,,2024-10-14,7,EMP0731,8
455,9,2021-05-10,In Progress,,2024-10-14,20,EMP0462,
456,31,2019-10-19,Completed,2022-09-25,2024-10-14,98,EMP0749,
457,16,2021-01-28,Completed,2021-05-17,2024-10-14,96,EMP0772,8
458,47,2022-09-11,Completed,2023-11-26,2024-10-14,61,EMP0325,9
459,3,2019-11-10,Completed,2020-09-20,2024-10-14,58,EMP0830,10
460,27,2024-08-03,In Progress,,2024-10-14,12,EMP0548,
461,23,2024-06-26,Completed,2024-08-01,2024-10-14,81,EMP0418,3
462,46,2022-05-10,In Progress,,2024-10-14,39,EMP0967,6
463,25,2020-07-14,In Progress,,2024-10-14,3,EMP0259,
464,6,2019-12-25,Completed,2024-09-06,2024-10-14,83,EMP0312,
465,1,2020-12-22,In Progress,,2024-10-14,31,EMP0074,
466,44,2022-07-17,Completed,2024-05-21,2024-10-14,94,EMP0199,
467,16,2024-07-29,In Progress,,2024-10-14,50,EMP0085,
468,28,2023-07-04,Completed,2024-04-13,2024-10-14,74,EMP0784,2
469,45,2024-09-25,Completed,2024-10-02,2024-10-14,78,EMP0039,
470,47,2019-10-31,Completed,2024-09-12,2024-10-14,70,EMP0535,5
471,12,2021-07-13,In Progress,,2024-10-14,29,EMP0192,
472,10,2020-11-26,Completed,2022-01-09,2024-10-14,71,EMP0984,1
473,49,2022-09-15,Completed,2024-05-26,2024-10-14,91,EMP0985,
474,39,2023-07-18,In Progress,,2024-10-14,18,EMP0155,
475,42,2020-08-11,In Progress,,2024-10-14,11,EMP0132,
476,4,2022-02-05,In Progress,,2024-10-14,35,EMP0949,
477,14,2019-12-15,Completed,2024-10-01,2024-10-14,53,EMP0641,6
478,12,2024-08-16,Completed,2024-10-12,2024-10-14,88,EMP0306,3
479,3,2023-01-20,In Progress,,2024-10-14,3,EMP0674,3
480,40,2020-01-10,Completed,2021-06-02,2024-10-14,54,EMP0293,5
481,3,2024-05-14,Completed,2024-07-13,2024-10-14,75,EMP0532,
482,7,2022-10-15,Completed,2024-09-26,2024-10-14,73,EMP0966,
483,3,2021-07-29,In Progress,,2024-10-14,12,EMP0129,1
484,31,2024-07-11,In Progress,,2024-10-14,7,EMP0904,1
485,39,2023-12-30,In Progress,,2024-10-14,24,EMP0933,10
486,5,2022-04-18,Completed,2024-06-03,2024-10-14,80,EMP0531,4
487,16,2023-05-20,Completed,2024-10-09,2024-10-14,77,EMP0861,8
488,32,2019-11-09,In Progress,,2024-10-14,12,EMP0009,
489,24,2020-09-05,Completed,2022-12-12,2024-10-14,84,EMP0527,
490,6,2022-02-16,Completed,2022-04-03,2024-10-14,85,EMP0508,
491,33,2020-02-17,In Progress,,2024-10-14,24,EMP0510,
492,40,2024-01-01,Completed,2024-08-24,2024-10-14,62,EMP0120,4
493,38,2023-02-06,In Progress,,2024-10-14,47,EMP0691,10
494,46,2020-06-11,In Progress,,2024-10-14,38,EMP0706,
495,3,2022-11-29,In Progress,,2024-10-14,43,EMP0005,
496,47,2021-06-17,Completed,2022-11-07,2024-10-14,55,EMP0687,
497,24,2023-04-06,In Progress,,2024-10-14,27,EMP0246,8
498,6,2023-04-20,Completed,2023-10-15,2024-10-14,74,EMP0822,6
499,15,2023-01-19,Completed,2023-02-06,2024-10-14,66,EMP0722,2
500,5,2020-06-27,Completed,2023-03-29,2024-10-14,67,EMP0508,2
501,23,2023-07-09,In Progress,,2024-10-14,7,EMP0337,
502,3,2021-12-27,Completed,2024-04-11,2024-10-14,67,EMP0353,6
503,34,2023-01-27,Completed,2023-12-25,2024-10-14,98,EMP0400,8
504,24,2020-02-29,In Progress,,2024-10-14,1,EMP0574,
505,34,2022-08-06,In Progress,,2024-10-14,9,EMP0006,7
506,40,2023-11-07,In Progress,,2024-10-14,11,EMP0132,10
507,24,2022-06-28,Completed,2024-06-01,2024-10-14,51,EMP0891,
508,10,2022-07-04,Completed,2023-06-12,2024-10-14,70,EMP0050,
509,28,2021-11-07,Completed,2022-01-25,2024-10-14,87,EMP0501,2
510,45,2020-06-10,In Progress,,2024-10-14,33,EMP0593,4
511,45,2021-01-06,In Progress,,2024-10-14,48,EMP0875,
512,26,2022-03-31,Completed,2023-10-24,2024-10-14,58,EMP0964,
513,22,2020-08-13,In Progress,,2024-10-14,33,EMP0502,4
514,23,2019-12-18,In Progress,,2024-10-14,9,EMP0499,4
515,12,2023-03-02,Completed,2024-08-21,2024-10-14,54,EMP0585,9
516,48,2024-02-07,In Progress,,2024-10-14,7,EMP0497,6
517,38,2022-10-06,Completed,2024-02-28,2024-10-14,86,EMP0907,
518,16,2021-12-11,In Progress,,2024-10-14,35,EMP0191,4
519,23,2023-04-17,Completed,2024-08-24,2024-10-14,65,EMP0490,
520,47,2024-05-13,Completed,2024-06-17,2024-10-14,61,EMP0095,4
521,22,2022-12-31,In Progress,,2024-10-14,15,EMP0114,7
522,17,2021-12-08,In Progress,,2024-10-14,21,EMP0814,5
523,26,2024-06-01,Completed,2024-10-01,2024-10-14,77,EMP0032,6
524,44,2020-02-23,In Progress,,2024-10-14,42,EMP0627,9
525,24,2024-01-22,Completed,2024-07-03,2024-10-14,50,EMP0794,3
526,39,2023-11-23,In Progress,,2024-10-14,38,EMP0811,
527,17,2022-11-15,In Progress,,2024-10-14,10,EMP0890,5
528,4,2022-07-20,Completed,2023-11-15,2024-10-14,100,EMP0871,10
529,39,2021-07-25,Completed,2022-12-07,2024-10-14,63,EMP0932,5
530,10,2020-11-26,In Progress,,2024-10-14,18,EMP0034,
531,9,2020-02-01,Completed,2022-07-15,2024-10-14,52,EMP0415,8
532,10,2023-09-12,In Progress,,2024-10-14,39,EMP0043,
533,24,2020-05-30,Completed,2024-01-05,2024-10-14,100,EMP0866,10
534,45,2020-10-18,Completed,2022-08-24,2024-10-14,72,EMP0908,
535,28,2022-06-02,Completed,2024-06-07,2024-10-14,67,EMP0564,9
536,42,2024-06-04,In Progress,,2024-10-14,8,EMP0724,2
537,33,2024-03-31,Completed,2024-09-14,2024-10-14,85,EMP0345,
538,16,2021-02-04,Completed,2024-03-15,2024-10-14,79,EMP0531,
539,4,2019-11-29,In Progress,,2024-10-14,20,EMP0503,10
540,26,2024-02-06,In Progress,,2024-10-14,43,EMP0930,
541,9,2021-07-19,Completed,2024-01-13,2024-10-14,64,EMP0101,10
542,27,2022-06-07,Completed,2023-03-11,2024-10-14,81,EMP0847,
543,31,2023-08-25,In Progress,,2024-10-14,0,EMP0684,
544,37,2023-12-27,Completed,2024-05-27,2024-10-14,67,EMP0373,9
545,32,2022-09-22,Completed,2023-12-03,2024-10-14,59,EMP0282,
546,38,2020-09-02,Completed,2020-10-30,2024-10-14,72,EMP0392,
547,44,2021-09-18,In Progress,,2024-10-14,49,EMP0405,2
548,13,2021-11-19,In Progress,,2024-10-14,49,EMP0070,5
549,49,2022-11-27,Completed,2023-06-30,2024-10-14,66,EMP0623,
550,31,2021-02-04,Completed,2022-02-07,2024-10-14,53,EMP0253,
551,47,2020-09-03,Completed,2022-12-17,2024-10-14,57,EMP0699,
552,43,2022-12-13,In Progress,,2024-10-14,26,EMP0289,10
553,3,2020-07-21,Completed,2023-08-21,2024-10-14,75,EMP0536,
554,29,2023-04-15,In Progress,,2024-10-14,33,EMP0772,5
555,33,2020-09-26,In Progress,,2024-10-14,15,EMP0957,8
556,33,2024-06-04,In Progress,,2024-10-14,21,EMP0700,
557,5,2023-12-23,Completed,2024-08-28,2024-10-14,59,EMP0330,2
558,14,2023-10-01,In Progress,,2024-10-14,15,EMP0132,2
559,40,2021-10-01,Completed,2024-04-17,2024-10-14,74,EMP0390,2
560,16,2021-01-29,In Progress,,2024-10-14,11,EMP0007,
561,26,2022-05-07,Completed,2022-12-19,2024-10-14,60,EMP0264,
562,27,2020-10-30,Completed,2021-08-09,2024-10-14,100,EMP0408,1
563,14,2023-08-22,In Progress,,2024-10-14,7,EMP0679,
564,3,2021-12-21,In Progress,,2024-10-14,8,EMP0060,9
565,17,2020-06-08,In Progress,,2024-10-14,8,EMP0464,
566,26,2023-02-17,Completed,2024-03-18,2024-10-14,87,EMP0002,
567,6,2021-07-10,In Progress,,2024-10-14,12,EMP0468,
568,22,2020-06-02,In Progress,,2024-10-14,43,EMP0685,3
569,39,2020-07-07,In Progress,,2024-10-14,34,EMP0738,2
570,2,2023-12-26,Completed,2024-03-16,2024-10-14,78,EMP0416,
571,44,2023-04-25,In Progress,,2024-10-14,33,EMP0632,
572,13,2020-03-21,Completed,2023-11-21,2024-10-14,54,EMP0351,2
573,43,2023-01-18,Completed,2023-11-07,2024-10-14,87,EMP0667,9
574,43,2022-12-04,Completed,2023-09-17,2024-10-14,92,EMP0329,
575,28,2021-12-30,Completed,2023-11-19,2024-10-14,71,EMP0151,4
576,33,2020-11-06,In Progress,,2024-10-14,48,EMP0393,7
577,4,2021-10-14,Completed,2024-08-08,2024-10-14,90,EMP0300,7
578,10,2023-12-19,In Progress,,2024-10-14,7,EMP0140,
579,3,2020-08-13,Completed,2023-06-09,2024-10-14,79,EMP0019,10
580,22,2023-10-23,Completed,2024-01-25,2024-10-14,65,EMP0131,6
581,19,2020-06-22,Completed,2023-03-20,2024-10-14,91,EMP0384,9
582,25,2024-08-16,In Progress,,2024-10-14,10,EMP0481,2
583,23,2022-10-10,Completed,2023-09-30,2024-10-14,53,EMP0213,4
584,25,2024-04-05,Completed,2024-07-20,2024-10-14,73,EMP0276,7
585,34,2024-03-29,In Progress,,2024-10-14,43,EMP0704,
586,25,2022-04-19,Completed,2024-02-28,2024-10-14,99,EMP0980,5
587,19,2021-06-28,Completed,2022-11-07,2024-10-14,52,EMP0127,2
588,38,2024-03-21,Completed,2024-04-09,2024-10-14,58,EMP0051,6
589,20,2021-12-13,Completed,2022-09-02,2024-10-14,52,EMP0192,
590,47,2023-05-05,In Progress,,2024-10-14,15,EMP0122,4
591,4,2020-08-31,Completed,2021-06-29,2024-10-14,89,EMP0049,
592,28,2022-03-14,Completed,2023-10-29,2024-10-14,64,EMP0535,6
593,28,2022-08-02,Completed,2023-02-07,2024-10-14,75,EMP0177,8
594,47,2022-01-11,In Progress,,2024-10-14,2,EMP0337,
595,11,2023-12-18,In Progress,,2024-10-14,15,EMP0331,
596,21,2023-05-13,Completed,2023-12-25,2024-10-14,85,EMP0874,
597,27,2020-01-22,In Progress,,2024-10-14,20,EMP0930,5
598,14,2024-07-22,In Progress,,2024-10-14,19,EMP0560,
599,32,2020-01-11,In Progress,,2024-10-14,35,EMP0951,
600,8,2023-05-31,In Progress,,2024-10-14,9,EMP0569,
601,30,2024-09-21,In Progress,,2024-10-14,20,EMP0594,
602,40,2019-11-24,In Progress,,2024-10-14,1,EMP0121,5
603,16,2022-07-30,In Progress,,2024-10-14,39,EMP0458,
604,24,2020-05-08,Completed,2021-04-24,2024-10-14,73,EMP0294,
605,27,2020-01-07,Completed,2022-07-05,2024-10-14,94,EMP0775,
606,18,2023-01-19,Completed,2023-04-07,2024-10-14,72,EMP0481,
607,18,2021-02-25,In Progress,,2024-10-14,20,EMP0575,1
608,13,2023-02-23,In Progress,,2024-10-14,27,EMP0561,3
609,11,2019-11-09,In Progress,,2024-10-14,7,EMP0314,3
610,40,2020-11-28,In Progress,,2024-10-14,44,EMP0472,
611,5,2023-03-07,In Progress,,2024-10-14,22,EMP0477,
612,20,2023-04-01,Completed,2024-01-09,2024-10-14,77,EMP0644,2
613,34,2020-01-24,Completed,2022-04-10,2024-10-14,68,EMP0632,3
614,6,2020-06-16,Completed,2020-09-24,2024-10-14,88,EMP0612,10
615,14,2022-01-15,In Progress,,2024-10-14,9,EMP0002,6
616,14,2021-01-05,In Progress,,2024-10-14,43,EMP0091,3
617,21,2023-06-28,In Progress,,2024-10-14,45,EMP0303,6
618,44,2022-09-04,Completed,2023-09-16,2024-10-14,64,EMP0086,8
619,26,2024-03-21,In Progress,,2024-10-14,44,EMP0378,
620,37,2022-07-04,Completed,2024-01-20,2024-10-14,67,EMP0776,8
621,39,2022-10-14,In Progress,,2024-10-14,34,EMP0861,8
622,39,2024-01-25,In Progress,,2024-10-14,44,EMP0915,
623,20,2023-01-01,Completed,2023-11-01,2024-10-14,88,EMP0114,9
624,2,2023-10-30,Completed,2024-06-10,2024-10-14,81,EMP0339,
625,15,2020-10-05,In Progress,,2024-10-14,9,EMP0457,3
626,14,2023-07-23,Completed,2023-12-19,2024-10-14,97,EMP0385,9
627,20,2021-05-20,In Progress,,2024-10-14,31,EMP0408,
628,40,2024-04-06,Completed,2024-09-12,2024-10-14,92,EMP0418,8
629,12,2023-09-21,Completed,2024-03-03,2024-10-14,62,EMP0160,6
630,39,2023-10-09,Completed,2024-08-05,2024-10-14,55,EMP0152,1
631,10,2020-09-12,Completed,2023-01-02,2024-10-14,77,EMP0269,8
632,44,2024-02-25,Completed,2024-03-21,2024-10-14,96,EMP0901,8
633,11,2023-09-18,Completed,2024-03-04,2024-10-14,60,EMP0882,
634,21,2020-05-16,In Progress,,2024-10-14,7,EMP0127,
635,19,2022-06-30,In Progress,,2024-10-14,26,EMP0363,8
636,15,2023-10-03,In Progress,,2024-10-14,22,EMP0181,
637,8,2020-07-12,Completed,2023-02-26,2024-10-14,62,EMP0119,2
638,9,2020-07-03,Completed,2024-09-01,2024-10-14,59,EMP0099,
639,15,2020-05-04,In Progress,,2024-10-14,19,EMP0886,1
640,46,2020-12-23,In Progress,,2024-10-14,28,EMP0215,
641,18,2020-09-02,Completed,2021-04-08,2024-10-14,69,EMP0206,
642,32,2021-12-23,In Progress,,2024-10-14,39,EMP0958,10
643,18,2021-04-03,In Progress,,2024-10-14,37,EMP0496,
644,38,2021-12-03,Completed,2021-12-05,2024-10-14,80,EMP0432,1
645,14,2022-10-28,In Progress,,2024-10-14,41,EMP0575,
646,40,2023-06-05,In Progress,,2024-10-14,8,EMP0480,
647,1,2024-01-30,In Progress,,2024-10-14,10,EMP0519,6
648,15,2023-07-11,Completed,2024-10-06,2024-10-14,57,EMP0382,
649,50,2019-10-21,Completed,2021-01-08,2024-10-14,89,EMP0722,4
650,49,2022-12-22,In Progress,,2024-10-14,13,EMP0866,
651,39,2021-01-05,Completed,2021-05-07,2024-10-14,96,EMP0385,10
652,33,2022-10-15,In Progress,,2024-10-14,37,EMP0265,5
653,40,2023-09-01,In Progress,,2024-10-14,31,EMP0187,
654,8,2019-12-09,In Progress,,2024-10-14,16,EMP0164,
655,4,2020-05-25,Completed,2020-10-26,2024-10-14,77,EMP0029,10
656,14,2020-07-16,Completed,2021-04-21,2024-10-14,86,EMP0255,5
657,2,2020-09-25,Completed,2021-02-14,2024-10-14,91,EMP0541,
658,25,2021-07-18,Completed,2023-11-13,2024-10-14,78,EMP0285,7
659,21,2022-07-18,In Progress,,2024-10-14,46,EMP0194,7
660,43,2024-05-17,In Progress,,2024-10-14,23,EMP0706,2
661,26,2023-06-29,Completed,2024-10-02,2024-10-14,61,EMP0176,3
662,19,2021-12-05,Completed,2023-03-24,2024-10-14,95,EMP0364,9
663,23,2020-07-19,Completed,2024-01-24,2024-10-14,75,EMP0799,
664,14,2022-06-30,In Progress,,2024-10-14,27,EMP0063,2
665,19,2024-06-26,In Progress,,2024-10-14,40,EMP0450,5
666,49,2021-03-17,In Progress,,2024-10-14,37,EMP0548,
667,26,2022-12-05,Completed,2024-05-18,2024-10-14,100,EMP0755,8
668,30,2023-02-02,Completed,2024-08-21,2024-10-14,96,EMP0692,
669,43,2021-05-15,Completed,2022-04-30,2024-10-14,80,EMP0549,9
670,16,2024-01-23,Completed,2024-04-09,2024-10-14,59,EMP0408,7
671,31,2021-07-05,In Progress,,2024-10-14,33,EMP0516,2
672,19,2021-10-31,In Progress,,2024-10-14,3,EMP0641,
673,18,2022-08-29,In Progress,,2024-10-14,1,EMP0954,
674,30,2022-03-22,In Progress,,2024-10-14,8,EMP0651,
675,50,2021-11-10,In Progress,,2024-10-14,20,EMP0223,2
676,5,2020-07-20,Completed,2021-04-26,2024-10-14,50,EMP0566,7
677,40,2020-08-27,Completed,2021-07-22,2024-10-14,66,EMP0564,
678,11,2024-07-14,Completed,2024-07-14,2024-10-14,74,EMP0609,
679,46,2022-11-11,Completed,2023-10-07,2024-10-14,90,EMP0173,3
680,12,2021-01-06,In Progress,,2024-10-14,18,EMP0707,
681,25,2024-01-09,Completed,2024-07-20,2024-10-14,55,EMP0652,1
682,10,2020-06-03,Completed,2021-04-07,2024-10-14,52,EMP0107,
683,20,2019-12-29,In Progress,,2024-10-14,15,EMP0217,3
684,2,2021-11-19,In Progress,,2024-10-14,38,EMP0674,
685,37,2020-06-20,Completed,2020-07-05,2024-10-14,53,EMP0037,3
686,33,2023-04-26,Completed,2023-05-08,2024-10-14,52,EMP0107,3
687,37,2024-07-03,Completed,2024-08-08,2024-10-14,71,EMP0543,5
688,27,2022-06-25,Completed,2024-05-09,2024-10-14,88,EMP0432,1
689,12,2024-04-11,In Progress,,2024-10-14,44,EMP0837,
690,22,2021-01-29,Completed,2023-11-15,2024-10-14,98,EMP0621,8
691,37,2021-12-29,In Progress,,2024-10-14,14,EMP0994,9
692,6,2022-07-09,Completed,2022-09-22,2024-10-14,62,EMP0574,10
693,33,2022-06-12,Completed,2023-02-19,2024-10-14,82,EMP0915,1
694,3,2023-12-09,In Progress,,2024-10-14,40,EMP0492,
695,6,2020-11-03,Completed,2024-09-29,2024-10-14,67,EMP0969,3
696,30,2020-11-21,In Progress,,2024-10-14,45,EMP0045,
697,34,2022-05-13,Completed,2024-01-19,2024-10-14,88,EMP0894,
698,50,2021-07-07,In Progress,,2024-10-14,24,EMP0432,
699,28,2023-04-19,In Progress,,2024-10-14,7,EMP0206,
700,26,2023-08-02,Completed,2023-11-16,2024-10-14,66,EMP0667,5
701,25,2024-07-27,Completed,2024-08-26,2024-10-14,58,EMP0100,
702,18,2023-07-21,In Progress,,2024-10-14,23,EMP0382,
703,11,2021-09-04,Completed,2022-09-14,2024-10-14,69,EMP0733,6
704,16,2022-11-08,Completed,2024-03-06,2024-10-14,70,EMP0943,
705,30,2020-05-22,Completed,2022-10-03,2024-10-14,86,EMP0891,
706,39,2024-02-10,In Progress,,2024-10-14,8,EMP0642,7
707,44,2020-11-18,Completed,2022-01-23,2024-10-14,76,EMP0279,8
708,31,2024-03-05,Completed,2024-06-05,2024-10-14,90,EMP0249,
709,45,2023-08-23,In Progress,,2024-10-14,27,EMP0021,4
710,41,2022-09-14,Completed,2023-03-17,2024-10-14,93,EMP0879,10
711,15,2023-03-13,In Progress,,2024-10-14,35,EMP0825,
712,33,2021-09-27,In Progress,,2024-10-14,14,EMP0853,4
713,34,2023-06-26,Completed,2024-06-06,2024-10-14,81,EMP0973,2
714,39,2023-07-07,Completed,2023-07-26,2024-10-14,71,EMP0035,
715,21,2022-06-22,Completed,2024-06-12,2024-10-14,78,EMP0705,2
716,46,2022-07-21,Completed,2023-06-25,2024-10-14,64,EMP0927,8
717,14,2023-06-28,In Progress,,2024-10-14,43,EMP0207,10
718,24,2023-06-12,In Progress,,2024-10-14,47,EMP0112,
719,13,2024-03-12,In Progress,,2024-10-14,9,EMP0876,9
720,6,2020-02-10,In Progress,,2024-10-14,42,EMP0483,1
721,17,2021-06-21,Completed,2023-07-30,2024-10-14,60,EMP0127,10
722,9,2021-11-11,Completed,2022-03-11,2024-10-14,71,EMP0394,7
723,23,2021-06-29,In Progress,,2024-10-14,44,EMP0045,
724,35,2020-06-29,Completed,2021-06-20,2024-10-14,64,EMP0398,
725,25,2022-12-25,In Progress,,2024-10-14,25,EMP0242,
726,41,2024-02-09,Completed,2024-08-06,2024-10-14,95,EMP0161,
727,41,2021-09-18,In Progress,,2024-10-14,10,EMP0942,
728,23,2023-12-02,Completed,2024-07-08,2024-10-14,97,EMP0845,8
729,28,2020-02-04,Completed,2023-12-26,2024-10-14,76,EMP0090,1
730,10,2021-06-23,In Progress,,2024-10-14,41,EMP0446,
731,2,2021-01-27,Completed,2022-02-13,2024-10-14,52,EMP0591,
732,20,2023-02-27,In Progress,,2024-10-14,42,EMP0934,
733,48,2021-07-25,Completed,2023-01-08,2024-10-14,79,EMP0213,1
734,41,2021-01-30,In Progress,,2024-10-14,40,EMP0086,2
735,3,2022-02-25,Completed,2024-09-12,2024-10-14,81,EMP0420,4
736,36,2021-10-13,In Progress,,2024-10-14,12,EMP0812,10
737,39,2022-06-03,Completed,2023-08-03,2024-10-14,94,EMP0512,7
738,23,2020-06-19,In Progress,,2024-10-14,33,EMP0796,
739,42,2021-10-21,In Progress,,2024-10-14,49,EMP0360,7
740,19,2022-04-25,Completed,2022-05-20,2024-10-14,83,EMP0310,
741,46,2022-08-29,Completed,2023-05-15,2024-10-14,51,EMP0252,
742,17,2019-12-14,Completed,2022-01-07,2024-10-14,89,EMP0688,9
743,33,2021-09-18,In Progress,,2024-10-14,7,EMP0021,
744,37,2020-10-15,In Progress,,2024-10-14,24,EMP0037,1
745,22,2021-04-14,Completed,2022-10-26,2024-10-14,90,EMP0036,2
746,17,2023-06-25,Completed,2024-04-10,2024-10-14,55,EMP0975,4
747,16,2022-01-28,In Progress,,2024-10-14,4,EMP0986,
748,4,2020-01-31,In Progress,,2024-10-14,10,EMP0524,
749,12,2020-07-25,In Progress,,2024-10-14,19,EMP0326,7
750,25,2021-11-10,Completed,2022-05-04,2024-10-14,66,EMP0549,
751,46,2021-05-06,In Progress,,2024-10-14,31,EMP0253,
752,13,2023-09-03,In Progress,,2024-10-14,18,EMP0340,7
753,6,2020-11-30,In Progress,,2024-10-14,20,EMP0912,10
754,47,2024-05-24,In Progress,,2024-10-14,27,EMP0177,2
755,36,2021-08-07,In Progress,,2024-10-14,43,EMP0052,5
756,7,2020-09-15,In Progress,,2024-10-14,18,EMP0135,
757,40,2020-11-23,In Progress,,2024-10-14,42,EMP0940,3
758,27,2023-06-22,In Progress,,2024-10-14,6,EMP0987,
759,47,2024-04-04,Completed,2024-09-26,2024-10-14,63,EMP0767,
760,19,2023-09-19,In Progress,,2024-10-14,6,EMP0739,3
761,12,2022-01-18,In Progress,,2024-10-14,16,EMP0049,
762,50,2024-02-09,In Progress,,2024-10-14,1,EMP0817,
763,41,2024-01-01,In Progress,,2024-10-14,27,EMP0550,8
764,4,2021-12-11,Completed,2024-04-21,2024-10-14,83,EMP0770,
765,18,2023-12-26,In Progress,,2024-10-14,35,EMP0776,7
766,4,2023-12-08,In Progress,,2024-10-14,33,EMP0304,1
767,17,2021-10-26,In Progress,,2024-10-14,38,EMP0559,
768,37,2019-11-05,In Progress,,2024-10-14,49,EMP0002,6
769,44,2021-03-31,In Progress,,2024-10-14,8,EMP0240,3
770,10,2021-05-10,In Progress,,2024-10-14,43,EMP0322,
771,6,2024-06-18,Completed,2024-07-03,2024-10-14,88,EMP0701,
772,9,2022-06-06,In Progress,,2024-10-14,7,EMP0006,
773,17,2023-12-30,In Progress,,2024-10-14,10,EMP0470,4
774,49,2022-12-25,Completed,2023-01-30,2024-10-14,85,EMP0914,
775,20,2023-10-22,Completed,2024-05-16,2024-10-14,70,EMP0256,
776,14,2023-01-31,Completed,2024-06-09,2024-10-14,75,EMP0463,
777,39,2024-08-14,Completed,2024-09-07,2024-10-14,91,EMP0840,
778,12,2021-06-25,Completed,2023-10-15,2024-10-14,91,EMP0302,
779,48,2021-06-21,In Progress,,2024-10-14,37,EMP0921,9
780,13,2023-01-27,In Progress,,2024-10-14,46,EMP0920,9
781,39,2019-11-14,Completed,2020-01-10,2024-10-14,65,EMP0440,6
782,34,2020-05-15,Completed,2022-02-21,2024-10-14,55,EMP0426,
783,4,2024-06-29,Completed,2024-08-23,2024-10-14,71,EMP0265,5
784,44,2022-09-01,Completed,2022-09-06,2024-10-14,92,EMP0897,
785,35,2021-10-31,In Progress,,2024-10-14,34,EMP0154,4
786,29,2020-03-30,In Progress,,2024-10-14,35,EMP0886,7
787,33,2024-08-02,In Progress,,2024-10-14,36,EMP0311,3
788,41,2019-12-07,In Progress,,2024-10-14,34,EMP0733,7
789,12,2024-06-14,Completed,2024-08-16,2024-10-14,73,EMP0338,
790,29,2023-07-02,Completed,2023-11-11,2024-10-14,96,EMP0686,2
791,11,2024-02-02,In Progress,,2024-10-14,14,EMP0001,10
792,27,2023-11-01,Completed,2024-01-19,2024-10-14,92,EMP0869,
793,22,2023-07-25,In Progress,,2024-10-14,3,EMP0032,10
794,33,2023-01-28,In Progress,,2024-10-14,28,EMP0871,10
795,17,2021-03-15,Completed,2021-04-13,2024-10-14,71,EMP0550,3
796,19,2020-12-02,In Progress,,2024-10-14,12,EMP0093,6
797,37,2021-12-28,In Progress,,2024-10-14,8,EMP0602,
798,7,2021-08-03,Completed,2024-01-15,2024-10-14,85,EMP0983,3
799,45,2022-09-11,In Progress,,2024-10-14,10,EMP0453,10
800,15,2021-12-15,Completed,2022-02-10,2024-10-14,74,EMP0689,9
801,7,2021-09-05,In Progress,,2024-10-14,17,EMP0708,10
802,21,2021-09-22,Completed,2023-04-12,2024-10-14,50,EMP0003,10
803,26,2021-06-28,Completed,2024-05-12,2024-10-14,96,EMP0898,
804,8,2019-12-23,Completed,2020-04-16,2024-10-14,93,EMP0489,8
805,35,2020-11-16,Completed,2021-02-01,2024-10-14,71,EMP0661,5
806,10,2023-03-05,Completed,2024-03-30,2024-10-14,92,EMP0285,7
807,39,2024-09-05,In Progress,,2024-10-14,10,EMP0402,3
808,29,2024-05-29,Completed,2024-08-25,2024-10-14,77,EMP0853,5
809,24,2023-07-11,In Progress,,2024-10-14,45,EMP0830,9
810,8,2020-08-29,In Progress,,2024-10-14,3,EMP0872,
811,14,2020-10-31,In Progress,,2024-10-14,41,EMP0370,4
812,31,2020-10-03,Completed,2024-09-30,2024-10-14,83,EMP0707,3
813,21,2019-11-10,In Progress,,2024-10-14,33,EMP0516,9
814,27,2020-03-12,Completed,2024-09-17,2024-10-14,88,EMP0006,5
815,2,2022-02-12,Completed,2024-09-21,2024-10-14,91,EMP0293,1
816,39,2022-02-17,Completed,2024-09-10,2024-10-14,72,EMP0499,
817,47,2021-05-22,Completed,2022-04-20,2024-10-14,57,EMP0865,
818,17,2021-08-22,Completed,2023-09-01,2024-10-14,97,EMP0648,3
819,18,2020-08-11,In Progress,,2024-10-14,3,EMP0172,10
820,39,2023-09-07,Completed,2024-04-14,2024-10-14,57,EMP0923,7
821,32,2023-11-02,Completed,2023-12-26,2024-10-14,55,EMP0238,
822,18,2024-06-08,In Progress,,2024-10-14,9,EMP0720,7
823,16,2023-06-05,Completed,2024-08-22,2024-10-14,79,EMP0992,
824,2,2024-04-11,In Progress,,2024-10-14,13,EMP0041,
825,40,2020-07-24,Completed,2023-08-03,2024-10-14,85,EMP0019,
826,6,2021-03-23,Completed,2024-04-19,2024-10-14,84,EMP0881,
827,35,2021-05-26,In Progress,,2024-10-14,15,EMP0643,5
828,35,2022-02-03,Completed,2022-05-23,2024-10-14,56,EMP0164,
829,43,2021-02-09,In Progress,,2024-10-14,14,EMP0522,
830,7,2020-04-20,In Progress,,2024-10-14,29,EMP0521,4
831,15,2023-06-11,In Progress,,2024-10-14,32,EMP0932,
832,46,2020-06-10,Completed,2022-11-05,2024-10-14,60,EMP0230,10
833,31,2021-04-19,Completed,2023-07-06,2024-10-14,78,EMP0552,7
834,3,2022-06-19,In Progress,,2024-10-14,26,EMP0309,
835,9,2024-03-28,Completed,2024-04-22,2024-10-14,50,EMP0372,
836,34,2021-06-05,Completed,2024-05-12,2024-10-14,63,EMP0202,
837,27,2020-05-10,In Progress,,2024-10-14,1,EMP0710,
838,25,2021-05-02,Completed,2023-11-30,2024-10-14,89,EMP0839,6
839,46,2024-03-08,Completed,2024-08-25,2024-10-14,68,EMP0688,7
840,20,2024-01-07,In Progress,,2024-10-14,32,EMP0529,
841,18,2023-01-08,Completed,2023-07-20,2024-10-14,64,EMP0370,
842,46,2024-02-02,In Progress,,2024-10-14,30,EMP0034,10
843,28,2021-02-22,Completed,2021-03-18,2024-10-14,52,EMP0703,6
844,18,2022-10-26,Completed,2023-01-01,2024-10-14,59,EMP0379,3
845,38,2024-01-24,Completed,2024-05-12,2024-10-14,83,EMP0507,3
846,24,2023-10-06,In Progress,,2024-10-14,33,EMP0167,
847,15,2022-06-14,Completed,2024-05-10,2024-10-14,84,EMP0690,9
848,42,2022-09-20,In Progress,,2024-10-14,28,EMP0800,3
849,31,2023-11-13,In Progress,,2024-10-14,14,EMP0185,
850,23,2023-12-02,In Progress,,2024-10-14,37,EMP0127,2
851,22,2023-01-23,In Progress,,2024-10-14,30,EMP0099,
852,50,2022-01-12,In Progress,,2024-10-14,10,EMP0533,
853,46,2020-04-08,Completed,2022-02-05,2024-10-14,83,EMP0820,2
854,38,2023-10-12,In Progress,,2024-10-14,29,EMP0649,
855,25,2021-03-30,In Progress,,2024-10-14,24,EMP0184,
856,42,2020-09-30,In Progress,,2024-10-14,17,EMP0308,
857,23,2020-08-04,In Progress,,2024-10-14,6,EMP0442,
858,19,2021-10-15,In Progress,,2024-10-14,24,EMP0084,10
859,25,2024-07-24,In Progress,,2024-10-14,33,EMP0777,8
860,31,2021-09-27,In Progress,,2024-10-14,45,EMP0431,10
861,45,2023-12-26,In Progress,,2024-10-14,47,EMP0221,
862,2,2020-12-19,In Progress,,2024-10-14,5,EMP0175,9
863,23,2019-11-21,Completed,2020-09-13,2024-10-14,98,EMP0333,6
864,49,2024-05-22,In Progress,,2024-10-14,38,EMP0985,
865,34,2019-11-20,Completed,2023-09-24,2024-10-14,75,EMP0302,3
866,36,2021-04-02,In Progress,,2024-10-14,11,EMP0403,3
867,6,2023-08-18,Completed,2023-09-04,2024-10-14,86,EMP0769,4
868,26,2020-02-20,In Progress,,2024-10-14,13,EMP0718,7
869,25,2020-07-27,In Progress,,2024-10-14,43,EMP0556,
870,10,2024-03-17,In Progress,,2024-10-14,6,EMP0550,6
871,21,2023-11-03,In Progress,,2024-10-14,29,EMP0491,
872,20,2024-01-14,In Progress,,2024-10-14,39,EMP0756,
873,1,2023-10-24,Completed,2024-05-20,2024-10-14,81,EMP0270,7
874,38,2023-01-02,In Progress,,2024-10-14,11,EMP0095,
875,21,2022-03-19,Completed,2023-08-27,2024-10-14,93,EMP0872,
876,36,2022-05-07,Completed,2024-05-19,2024-10-14,76,EMP0876,3
877,16,2022-06-18,In Progress,,2024-10-14,27,EMP0808,7
878,18,2021-02-26,Completed,2023-10-22,2024-10-14,83,EMP0094,1
879,11,2022-04-09,In Progress,,2024-10-14,6,EMP0758,1
880,15,2024-03-29,In Progress,,2024-10-14,22,EMP0232,6
881,12,2022-05-10,Completed,2023-02-03,2024-10-14,55,EMP0906,
882,49,2023-04-08,In Progress,,2024-10-14,33,EMP0294,1
883,12,2024-09-23,In Progress,,2024-10-14,50,EMP0542,8
884,23,2024-05-07,In Progress,,2024-10-14,9,EMP0844,10
885,50,2020-11-27,Completed,2021-07-17,2024-10-14,92,EMP0134,
886,29,2024-07-15,Completed,2024-09-07,2024-10-14,100,EMP0206,5
887,48,2023-01-12,Completed,2024-05-28,2024-10-14,83,EMP0409,7
888,25,2021-12-28,Completed,2023-04-08,2024-10-14,55,EMP0789,
889,15,2023-11-24,In Progress,,2024-10-14,6,EMP0755,
890,8,2020-01-06,In Progress,,2024-10-14,7,EMP0715,
891,13,2023-05-18,Completed,2023-12-01,2024-10-14,71,EMP0483,
892,6,2022-12-19,Completed,2024-03-04,2024-10-14,95,EMP0728,
893,45,2023-11-16,In Progress,,2024-10-14,46,EMP0433,
894,27,2023-10-10,In Progress,,2024-10-14,38,EMP0972,6
895,44,2023-05-14,In Progress,,2024-10-14,46,EMP0156,1
896,2,2022-09-13,In Progress,,2024-10-14,11,EMP0145,2
897,27,2021-01-30,In Progress,,2024-10-14,29,EMP0401,2
898,43,2022-01-15,Completed,2022-12-03,2024-10-14,72,EMP0657,
899,22,2023-09-11,In Progress,,2024-10-14,27,EMP0197,8
900,28,2020-09-19,Completed,2023-12-15,2024-10-14,98,EMP0678,6
901,45,2024-04-21,Completed,2024-04-21,2024-10-14,65,EMP0354,8
902,44,2022-11-15,Completed,2022-12-08,2024-10-14,84,EMP0118,
903,32,2022-06-10,In Progress,,2024-10-14,19,EMP0815,
904,44,2022-08-04,Completed,2023-03-01,2024-10-14,59,EMP0391,7
905,14,2021-12-21,Completed,2022-08-28,2024-10-14,100,EMP0634,
906,34,2023-06-04,In Progress,,2024-10-14,42,EMP0511,
907,23,2021-04-20,Completed,2023-07-01,2024-10-14,62,EMP0310,
908,25,2024-10-06,Completed,2024-10-12,2024-10-14,97,EMP0884,
909,29,2020-06-08,Completed,2023-12-08,2024-10-14,71,EMP0201,
910,16,2020-03-18,In Progress,,2024-10-14,43,EMP0269,
911,36,2023-07-12,In Progress,,2024-10-14,4,EMP0416,9
912,33,2023-10-20,Completed,2024-09-27,2024-10-14,66,EMP0582,1
913,35,2024-01-25,Completed,2024-04-14,2024-10-14,66,EMP0864,4
914,29,2022-12-28,Completed,2024-08-16,2024-10-14,86,EMP0653,6
915,2,2021-12-30,In Progress,,2024-10-14,0,EMP0657,
916,25,2020-04-05,Completed,2020-12-07,2024-10-14,66,EMP0639,
917,35,2024-07-07,Completed,2024-08-25,2024-10-14,63,EMP0078,
918,27,2022-06-16,Completed,2022-10-31,2024-10-14,70,EMP0984,
919,9,2020-10-07,Completed,2023-06-08,2024-10-14,84,EMP0433,
920,49,2020-01-30,Completed,2023-07-30,2024-10-14,73,EMP0254,1
921,25,2024-02-17,Completed,2024-03-31,2024-10-14,77,EMP0115,
922,36,2021-10-09,In Progress,,2024-10-14,2,EMP0823,
923,12,2024-03-01,In Progress,,2024-10-14,46,EMP0424,4
924,23,2023-12-12,In Progress,,2024-10-14,49,EMP0779,4
925,34,2020-08-04,In Progress,,2024-10-14,46,EMP0215,8
926,31,2023-07-16,Completed,2024-02-03,2024-10-14,59,EMP0547,9
927,20,2021-02-14,In Progress,,2024-10-14,25,EMP0577,10
928,1,2022-04-28,In Progress,,2024-10-14,26,EMP0575,2
929,3,2024-05-30,Completed,2024-08-27,2024-10-14,77,EMP0468,5
930,15,2022-12-04,Completed,2022-12-22,2024-10-14,90,EMP0147,
931,26,2024-02-20,In Progress,,2024-10-14,5,EMP0361,7
932,16,2022-04-06,In Progress,,2024-10-14,37,EMP0725,1
933,18,2020-01-29,Completed,2021-01-21,2024-10-14,50,EMP0187,
934,2,2023-03-13,Completed,2024-05-16,2024-10-14,75,EMP0340,
935,2,2024-04-03,Completed,2024-06-10,2024-10-14,83,EMP0412,
936,38,2021-07-10,In Progress,,2024-10-14,45,EMP0003,
937,44,2023-12-16,Completed,2024-04-26,2024-10-14,86,EMP0968,
938,31,2022-06-09,Completed,2024-01-31,2024-10-14,54,EMP0748,6
939,26,2022-06-02,In Progress,,2024-10-14,6,EMP0457,6
940,12,2020-08-21,Completed,2023-02-04,2024-10-14,72,EMP0395,
941,35,2023-02-19,In Progress,,2024-10-14,31,EMP0308,
942,5,2021-02-07,Completed,2024-07-24,2024-10-14,64,EMP0003,
943,42,2022-06-03,Completed,2023-02-25,2024-10-14,56,EMP0010,9
944,3,2024-09-25,Completed,2024-10-12,2024-10-14,56,EMP0924,5
945,27,2021-05-22,Completed,2024-08-10,2024-10-14,84,EMP0909,5
946,14,2023-09-28,Completed,2024-07-29,2024-10-14,54,EMP0179,
947,18,2023-11-23,Completed,2024-06-07,2024-10-14,99,EMP0179,10
948,34,2021-05-23,Completed,2022-12-25,2024-10-14,86,EMP0197,4
949,17,2023-10-19,Completed,2024-03-05,2024-10-14,67,EMP0796,
950,21,2021-04-21,Completed,2021-09-04,2024-10-14,58,EMP0948,3
951,29,2020-11-15,Completed,2024-07-01,2024-10-14,79,EMP0772,
952,3,2020-09-16,In Progress,,2024-10-14,35,EMP0253,2
953,16,2024-09-13,In Progress,,2024-10-14,28,EMP0347,
954,5,2022-05-23,Completed,2024-10-05,2024-10-14,98,EMP0827,9
955,24,2021-05-04,In Progress,,2024-10-14,24,EMP0573,5
956,14,2023-02-01,In Progress,,2024-10-14,28,EMP0474,2
957,15,2022-12-17,In Progress,,2024-10-14,23,EMP0175,8
958,26,2022-07-12,In Progress,,2024-10-14,34,EMP0914,4
959,9,2022-09-26,In Progress,,2024-10-14,38,EMP0618,
960,24,2020-06-13,In Progress,,2024-10-14,2,EMP0495,
961,49,2021-04-22,Completed,2024-09-15,2024-10-14,56,EMP0530,
962,30,2021-08-03,In Progress,,2024-10-14,37,EMP0481,
963,27,2020-08-10,In Progress,,2024-10-14,34,EMP0443,
964,24,2019-12-26,In Progress,,2024-10-14,0,EMP0225,1
965,50,2020-09-14,Completed,2022-06-23,2024-10-14,91,EMP0162,8
966,3,2023-12-04,In Progress,,2024-10-14,28,EMP0906,1
967,40,2022-05-15,Completed,2022-05-28,2024-10-14,87,EMP0302,
968,25,2020-03-01,Completed,2023-10-06,2024-10-14,63,EMP0812,
969,4,2024-02-13,Completed,2024-03-31,2024-10-14,82,EMP0087,4
970,5,2024-09-17,In Progress,,2024-10-14,7,EMP0645,
971,29,2023-08-08,Completed,2023-11-29,2024-10-14,73,EMP0969,4
972,25,2020-01-02,In Progress,,2024-10-14,50,EMP0527,7
973,38,2023-05-08,In Progress,,2024-10-14,35,EMP0771,
974,24,2020-08-27,In Progress,,2024-10-14,11,EMP0063,
975,42,2023-05-24,Completed,2024-04-01,2024-10-14,56,EMP0614,
976,24,2019-12-07,Completed,2024-04-16,2024-10-14,62,EMP0312,2
977,45,2021-10-07,In Progress,,2024-10-14,38,EMP0764,4
978,6,2020-11-02,Completed,2024-03-02,2024-10-14,52,EMP0749,10
979,34,2021-09-07,Completed,2023-07-03,2024-10-14,100,EMP0252,
980,14,2023-10-06,In Progress,,2024-10-14,12,EMP0141,2
981,16,2021-02-19,Completed,2023-06-29,2024-10-14,74,EMP0515,
982,48,2020-03-02,In Progress,,2024-10-14,2,EMP0498,
983,11,2020-10-02,In Progress,,2024-10-14,12,EMP0249,1
984,4,2021-04-22,In Progress,,2024-10-14,10,EMP0182,8
985,37,2024-08-24,Completed,2024-08-30,2024-10-14,50,EMP0765,4
986,24,2024-01-12,In Progress,,2024-10-14,40,EMP0080,
987,13,2024-01-31,Completed,2024-09-21,2024-10-14,58,EMP0094,
988,33,2020-04-02,Completed,2020-11-21,2024-10-14,94,EMP0771,8
989,35,2022-07-17,Completed,2024-08-27,2024-10-14,79,EMP0375,
990,37,2024-01-17,Completed,2024-05-25,2024-10-14,55,EMP0063,1
991,9,2020-03-05,Completed,2021-10-20,2024-10-14,98,EMP0853,7
992,50,2021-01-18,Completed,2022-09-06,2024-10-14,52,EMP0884,
993,40,2020-03-27,Completed,2020-07-01,2024-10-14,99,EMP0835,7
994,11,2022-12-26,In Progress,,2024-10-14,50,EMP0574,2
995,10,2022-07-22,Completed,2023-03-28,2024-10-14,50,EMP0341,10
996,10,2022-04-23,In Progress,,2024-10-14,44,EMP0875,3
997,7,2020-04-26,In Progress,,2024-10-14,45,EMP0001,
998,45,2020-03-20,Completed,2022-09-04,2024-10-14,61,EMP0862,8
999,38,2022-11-18,In Progress,,2024-10-14,19,EMP0678,
1000,20,2024-04-27,Completed,2024-07-30,2024-10-14,58,EMP0821,
