id,courseId,completionTime,performanceScore,userId,organizationDomainId
1,36,36h,79.5,EMP0695,1
2,50,91h,96.64,EMP0930,1
3,24,27h,91.58,EMP0460,2
4,3,30h,97.13,EMP0012,1
5,12,93h,76.62,EMP0445,1
6,32,63h,69.85,EMP0057,1
7,48,51h,87.87,EMP0299,1
8,3,69h,76.21,EMP0679,1
9,50,97h,79.59,EMP0315,2
10,32,89h,75.48,EMP0906,2
11,30,47h,80.06,EMP0682,1
12,47,46h,60.64,EMP0240,2
13,12,27h,72.29,EMP0672,1
14,10,23h,84.85,EMP0928,2
15,5,98h,66.12,EMP0344,2
16,9,37h,94.78,EMP0011,2
17,21,75h,65.62,EMP0923,1
18,23,39h,95.48,EMP0714,2
19,19,28h,65.72,EMP0575,1
20,28,55h,66.03,EMP0905,1
21,2,66h,92.3,EMP0659,2
22,35,45h,98.51,EMP0697,1
23,36,72h,83.97,EMP0734,2
24,35,55h,82.3,EMP0796,2
25,33,81h,93.58,EMP0080,1
26,7,95h,78.74,EMP0324,1
27,46,61h,76.19,EMP0850,2
28,22,62h,98.94,EMP0876,1
29,27,55h,66.59,EMP0159,1
30,10,52h,64.28,EMP0402,1
31,7,44h,72.8,EMP0172,1
32,41,41h,85.02,EMP0977,2
33,7,100h,76.96,EMP0683,1
34,19,91h,75.49,EMP0687,1
35,31,93h,98.18,EMP0192,1
36,34,48h,97.58,EMP0870,2
37,38,86h,76.87,EMP0873,1
38,19,98h,69.98,EMP0890,2
39,20,93h,90.41,EMP0040,1
40,7,47h,72.69,EMP0927,2
41,36,58h,65.99,EMP0938,2
42,6,89h,65.93,EMP0580,2
43,14,95h,97.13,EMP0059,2
44,48,43h,74.64,EMP0596,2
45,2,49h,74.48,EMP0477,2
46,28,41h,72.84,EMP0436,2
47,3,23h,72.91,EMP0334,2
48,28,89h,97.57,EMP0762,1
49,34,42h,60.91,EMP0348,2
50,50,25h,95.57,EMP0611,1
51,10,20h,74.96,EMP0463,2
52,31,56h,74.18,EMP0937,2
53,37,77h,74.61,EMP0776,1
54,44,62h,77.83,EMP0503,1
55,43,52h,65.76,EMP0627,1
56,17,96h,95.7,EMP0569,1
57,43,37h,96.1,EMP0943,2
58,46,41h,63.54,EMP0789,1
59,13,76h,83.06,EMP0498,2
60,17,80h,97.05,EMP0369,2
61,20,65h,71.02,EMP0234,1
62,24,64h,87.66,EMP0949,2
63,11,98h,70.97,EMP0829,1
64,25,73h,69.11,EMP0854,1
65,17,36h,67.43,EMP0380,1
66,49,27h,78.51,EMP0437,1
67,22,52h,95.57,EMP0749,1
68,45,64h,98.99,EMP0594,2
69,43,89h,73.37,EMP0743,1
70,6,99h,82.03,EMP0691,2
71,14,88h,64.43,EMP0243,1
72,25,59h,65.48,EMP0140,1
73,25,46h,65.36,EMP0381,1
74,9,47h,72.44,EMP0088,2
75,27,93h,75.1,EMP0293,1
76,50,73h,98.33,EMP0343,2
77,10,73h,94.43,EMP0037,2
78,32,56h,66.43,EMP0953,1
79,13,72h,64.53,EMP0253,1
80,25,48h,77.85,EMP0933,2
81,17,83h,77.06,EMP0970,2
82,8,62h,96.33,EMP0594,1
83,2,67h,93.51,EMP0304,2
84,43,77h,86.95,EMP0828,2
85,28,83h,73.56,EMP0779,2
86,19,32h,80.51,EMP0267,2
87,47,22h,69.6,EMP0211,2
88,6,94h,65.85,EMP0250,1
89,34,44h,63.48,EMP0538,2
90,41,67h,75.54,EMP0223,2
91,24,73h,85.43,EMP0171,2
92,46,68h,92.93,EMP0904,2
93,20,85h,70.02,EMP0902,2
94,24,32h,82.69,EMP0335,1
95,47,30h,70.66,EMP0720,1
96,36,55h,86.75,EMP0723,2
97,10,86h,99.58,EMP0438,2
98,15,75h,65.11,EMP0787,1
99,35,61h,61.82,EMP0204,2
100,39,74h,97.97,EMP0910,2
101,33,31h,86.48,EMP0676,1
102,20,45h,95.63,EMP0715,1
103,44,55h,68.97,EMP0676,2
104,47,58h,86.19,EMP0860,2
105,19,23h,99.0,EMP0507,2
106,27,81h,88.43,EMP0167,2
107,46,46h,64.36,EMP0190,1
108,11,86h,67.58,EMP0779,2
109,49,54h,98.1,EMP0940,1
110,8,56h,91.19,EMP0178,1
111,21,78h,62.93,EMP0356,2
112,15,79h,82.54,EMP0875,1
113,48,43h,74.14,EMP0814,1
114,18,53h,92.67,EMP0948,1
115,50,71h,80.84,EMP0750,1
116,47,53h,93.89,EMP0460,2
117,46,42h,89.6,EMP0524,1
118,33,85h,65.47,EMP0775,1
119,7,86h,86.7,EMP0090,1
120,20,81h,96.57,EMP0429,1
121,34,76h,77.82,EMP0251,1
122,29,67h,62.74,EMP0923,1
123,35,82h,93.7,EMP0628,2
124,27,67h,63.06,EMP0809,1
125,33,69h,80.83,EMP0994,2
126,26,52h,77.06,EMP0786,2
127,43,42h,99.9,EMP0348,2
128,42,65h,80.39,EMP0789,1
129,32,48h,64.12,EMP0750,2
130,2,36h,81.12,EMP0904,1
131,36,89h,94.44,EMP0656,1
132,41,59h,63.61,EMP0215,2
133,49,99h,72.26,EMP0817,1
134,44,49h,93.09,EMP0477,2
135,25,95h,75.21,EMP0568,1
136,36,28h,75.43,EMP0387,2
137,14,61h,79.8,EMP0631,2
138,48,82h,81.79,EMP0863,2
139,10,50h,90.32,EMP0190,1
140,10,63h,99.77,EMP0991,2
141,18,43h,60.82,EMP0442,1
142,14,57h,94.91,EMP0702,1
143,15,61h,97.58,EMP0355,1
144,3,30h,98.35,EMP0259,2
145,2,38h,84.33,EMP0802,2
146,26,58h,61.54,EMP0894,2
147,47,96h,84.99,EMP0914,2
148,11,40h,91.27,EMP0756,1
149,36,65h,60.34,EMP0421,1
150,1,22h,83.14,EMP0513,1
151,6,74h,96.62,EMP0545,1
152,33,65h,90.27,EMP0169,1
153,35,89h,80.14,EMP0340,2
154,18,89h,64.63,EMP0051,1
155,3,22h,79.13,EMP0997,2
156,18,81h,83.71,EMP0030,2
157,11,60h,84.62,EMP0273,1
158,40,53h,94.96,EMP0983,2
159,24,55h,85.04,EMP0828,2
160,40,90h,71.53,EMP0926,2
161,13,60h,77.16,EMP0108,2
162,38,59h,65.02,EMP0182,2
163,38,51h,61.35,EMP0507,2
164,13,43h,75.37,EMP0794,2
165,45,73h,73.88,EMP0008,1
166,38,35h,62.16,EMP0129,2
167,1,77h,65.38,EMP0214,1
168,41,79h,75.65,EMP0253,2
169,2,40h,79.93,EMP0458,1
170,24,65h,81.17,EMP0099,2
171,19,26h,82.21,EMP0199,2
172,45,56h,89.31,EMP0125,1
173,23,22h,83.65,EMP0530,2
174,50,28h,72.53,EMP0089,1
175,13,44h,89.18,EMP0209,1
176,20,58h,66.32,EMP0228,2
177,19,48h,65.58,EMP0539,2
178,7,52h,72.68,EMP0680,2
179,6,25h,90.81,EMP0042,2
180,2,94h,93.95,EMP0018,1
181,33,94h,83.05,EMP0631,1
182,22,42h,68.21,EMP0483,1
183,48,62h,67.94,EMP0516,2
184,40,41h,82.68,EMP0473,2
185,1,54h,91.65,EMP0543,1
186,13,66h,63.74,EMP0458,1
187,4,61h,64.19,EMP0236,1
188,41,78h,82.61,EMP0103,1
189,39,64h,79.37,EMP0019,1
190,33,91h,65.42,EMP0343,1
191,5,38h,80.1,EMP0983,2
192,39,100h,90.7,EMP0122,1
193,36,50h,69.5,EMP0001,2
194,44,99h,76.84,EMP0038,1
195,13,75h,92.48,EMP0763,1
196,25,34h,81.57,EMP0473,1
197,1,44h,98.65,EMP0362,2
198,34,92h,72.05,EMP0053,1
199,26,73h,94.7,EMP0873,2
200,12,55h,91.86,EMP0046,2
201,29,100h,98.86,EMP0003,2
202,38,25h,71.79,EMP0972,1
203,16,51h,71.71,EMP0126,2
204,28,26h,77.02,EMP0125,2
205,2,68h,67.34,EMP0363,2
206,16,98h,91.03,EMP0767,2
207,30,71h,79.09,EMP0441,1
208,38,46h,87.26,EMP0945,1
209,37,42h,71.94,EMP0267,2
210,30,42h,77.38,EMP0430,1
211,19,81h,64.42,EMP0711,1
212,17,91h,69.49,EMP0336,1
213,15,92h,79.12,EMP0495,1
214,6,79h,67.22,EMP0409,1
215,30,86h,82.94,EMP0703,1
216,3,27h,68.75,EMP0694,2
217,21,78h,70.32,EMP0558,1
218,32,69h,82.72,EMP0047,2
219,14,25h,61.4,EMP0460,2
220,6,43h,77.99,EMP0682,1
221,15,37h,94.69,EMP0439,2
222,5,78h,79.61,EMP0688,1
223,21,78h,71.73,EMP0573,1
224,2,30h,66.04,EMP0927,2
225,41,98h,65.52,EMP0398,2
226,48,51h,88.44,EMP0328,2
227,4,60h,81.28,EMP0044,2
228,28,83h,74.79,EMP0291,2
229,11,69h,93.52,EMP0451,1
230,4,74h,67.12,EMP0834,1
231,10,33h,79.36,EMP0861,2
232,23,44h,87.66,EMP0320,1
233,50,76h,80.73,EMP0850,2
234,15,21h,74.93,EMP0597,1
235,18,37h,78.61,EMP0044,1
236,39,57h,99.25,EMP0502,1
237,27,83h,78.43,EMP0197,1
238,49,69h,99.43,EMP0163,2
239,5,47h,66.48,EMP0045,2
240,3,43h,82.24,EMP0158,1
241,33,67h,72.15,EMP0586,2
242,22,68h,66.96,EMP0320,2
243,34,84h,90.59,EMP0394,2
244,23,20h,86.9,EMP0151,1
245,41,76h,81.16,EMP0309,2
246,38,67h,67.54,EMP0931,2
247,38,33h,68.77,EMP0958,1
248,22,39h,72.83,EMP0513,1
249,30,47h,80.99,EMP0340,1
250,4,82h,63.41,EMP0160,2
251,18,74h,84.72,EMP0614,1
252,48,45h,67.01,EMP0240,2
253,10,36h,97.93,EMP0195,2
254,46,99h,78.64,EMP0909,2
255,45,76h,85.46,EMP0021,2
256,6,53h,74.83,EMP0027,1
257,19,54h,69.58,EMP0416,2
258,43,35h,93.98,EMP0580,2
259,10,50h,81.56,EMP0775,2
260,23,76h,80.69,EMP0739,1
261,43,39h,70.51,EMP0853,2
262,42,21h,65.88,EMP0983,1
263,17,25h,89.75,EMP0876,1
264,46,36h,79.57,EMP0863,1
265,24,48h,71.29,EMP0824,1
266,9,80h,86.56,EMP0173,2
267,6,60h,78.2,EMP0704,1
268,40,90h,99.23,EMP0779,1
269,7,50h,82.9,EMP0433,2
270,38,100h,63.15,EMP0955,1
271,48,82h,80.62,EMP0139,2
272,36,63h,75.5,EMP0730,2
273,29,93h,88.16,EMP0791,2
274,22,27h,93.58,EMP0407,2
275,39,67h,92.98,EMP0883,1
276,20,29h,63.97,EMP0109,2
277,1,71h,84.83,EMP0846,1
278,36,95h,96.47,EMP0340,2
279,4,62h,68.16,EMP0620,1
280,27,79h,88.62,EMP0309,2
281,15,89h,63.21,EMP0942,1
282,9,62h,99.42,EMP0625,1
283,27,50h,60.5,EMP0627,2
284,38,61h,98.65,EMP0260,1
285,9,79h,69.56,EMP0620,1
286,22,30h,91.77,EMP0264,2
287,31,20h,81.65,EMP0847,1
288,13,55h,75.67,EMP0923,2
289,32,26h,83.7,EMP0918,1
290,11,84h,75.46,EMP0838,1
291,38,64h,72.39,EMP0138,1
292,27,37h,97.02,EMP0167,1
293,14,68h,98.48,EMP0214,2
294,26,56h,80.35,EMP0041,1
295,25,84h,81.12,EMP0655,2
296,13,82h,63.14,EMP0789,2
297,50,49h,99.27,EMP0870,1
298,4,86h,99.18,EMP0230,2
299,45,74h,87.59,EMP0244,1
300,21,49h,77.16,EMP0783,2
301,13,75h,71.7,EMP0772,1
302,18,67h,73.93,EMP0017,2
303,25,62h,68.67,EMP0387,1
304,13,94h,87.94,EMP0736,2
305,36,73h,74.86,EMP0710,1
306,21,81h,89.73,EMP0400,2
307,43,38h,97.43,EMP0005,2
308,10,65h,95.92,EMP0839,1
309,45,73h,63.41,EMP0225,2
310,22,39h,95.59,EMP0025,1
311,33,34h,74.47,EMP0411,1
312,10,91h,70.11,EMP0149,2
313,21,88h,60.13,EMP0600,1
314,11,84h,66.65,EMP0268,1
315,41,88h,98.16,EMP0984,1
316,8,85h,64.74,EMP0224,2
317,24,50h,81.69,EMP0776,1
318,14,42h,82.58,EMP0004,1
319,18,83h,79.83,EMP0763,2
320,42,65h,80.34,EMP0398,1
321,39,29h,66.39,EMP0514,2
322,12,73h,98.09,EMP0651,1
323,37,77h,65.23,EMP0117,1
324,7,61h,95.12,EMP0394,2
325,3,82h,91.05,EMP0144,2
326,16,42h,76.44,EMP0326,1
327,31,44h,94.55,EMP0334,2
328,12,76h,80.2,EMP0656,1
329,34,50h,74.6,EMP0988,2
330,25,47h,98.07,EMP0598,2
331,25,77h,64.08,EMP0735,2
332,31,70h,98.28,EMP0553,2
333,32,35h,71.29,EMP0724,1
334,41,46h,67.01,EMP0182,2
335,28,65h,93.84,EMP0384,1
336,30,84h,93.33,EMP0333,2
337,30,67h,69.67,EMP0892,2
338,15,74h,63.36,EMP0839,1
339,11,58h,89.26,EMP0790,1
340,34,48h,68.74,EMP0064,2
341,50,74h,94.84,EMP0815,1
342,39,27h,64.23,EMP0243,2
343,48,58h,74.32,EMP0161,1
344,39,75h,61.49,EMP0373,1
345,6,86h,78.05,EMP0534,2
346,5,60h,90.95,EMP0602,2
347,38,64h,81.27,EMP0292,2
348,21,88h,76.43,EMP0048,2
349,32,96h,78.85,EMP0395,1
350,19,66h,81.64,EMP0910,2
351,47,36h,67.39,EMP0403,2
352,21,39h,71.33,EMP0423,1
353,11,57h,89.34,EMP0840,2
354,12,82h,69.2,EMP0381,2
355,10,43h,62.89,EMP0422,1
356,50,26h,62.96,EMP0192,2
357,14,36h,99.91,EMP0094,1
358,33,34h,73.38,EMP0308,1
359,48,45h,82.52,EMP0190,1
360,44,24h,76.72,EMP0069,2
361,11,58h,71.42,EMP0047,1
362,3,69h,90.11,EMP0834,1
363,49,47h,91.97,EMP0162,1
364,24,46h,99.58,EMP0227,1
365,49,40h,88.73,EMP0463,2
366,5,80h,80.95,EMP0053,2
367,16,53h,91.96,EMP0024,1
368,38,89h,92.71,EMP0111,2
369,27,93h,97.69,EMP0739,2
370,48,91h,95.9,EMP0695,1
371,17,52h,60.12,EMP0185,1
372,13,79h,63.56,EMP0123,2
373,19,67h,74.36,EMP0608,1
374,41,70h,90.97,EMP0431,2
375,12,43h,79.73,EMP0344,2
376,28,56h,76.64,EMP0483,1
377,47,68h,98.04,EMP0205,2
378,22,99h,98.17,EMP0673,2
379,49,46h,81.98,EMP0913,1
380,26,76h,84.85,EMP0465,1
381,17,96h,88.95,EMP0687,2
382,20,55h,77.41,EMP0254,2
383,28,76h,90.25,EMP0990,2
384,24,61h,72.56,EMP0729,1
385,36,31h,63.39,EMP0606,1
386,31,47h,65.33,EMP0374,1
387,32,51h,91.12,EMP0740,2
388,10,77h,62.17,EMP0117,2
389,22,66h,61.75,EMP0244,2
390,6,53h,81.83,EMP0970,2
391,36,42h,87.93,EMP0530,2
392,11,57h,85.11,EMP0903,1
393,7,62h,91.79,EMP0584,1
394,11,35h,68.88,EMP0168,2
395,12,90h,60.28,EMP0851,1
396,21,24h,61.13,EMP0882,1
397,32,93h,73.57,EMP0707,1
398,15,78h,68.16,EMP0556,2
399,19,46h,87.23,EMP0663,2
400,44,26h,66.24,EMP0395,1
401,15,98h,93.28,EMP0772,2
402,13,60h,65.79,EMP0247,2
403,30,38h,70.67,EMP0864,1
404,23,71h,92.0,EMP0488,1
405,21,40h,70.43,EMP0918,2
406,27,75h,85.51,EMP0977,1
407,30,28h,91.87,EMP0361,1
408,41,74h,70.6,EMP0196,2
409,4,74h,72.39,EMP0809,1
410,18,82h,61.61,EMP0720,2
411,22,100h,91.57,EMP0444,1
412,45,82h,85.59,EMP0611,1
413,19,88h,70.83,EMP0125,2
414,23,27h,87.87,EMP0533,2
415,35,27h,84.54,EMP0433,1
416,13,90h,95.27,EMP0266,1
417,19,73h,61.82,EMP0722,1
418,24,70h,93.55,EMP0713,1
419,9,91h,92.61,EMP0498,1
420,12,83h,65.31,EMP0824,1
421,42,50h,99.32,EMP0737,2
422,37,96h,70.41,EMP0399,2
423,16,26h,77.38,EMP0353,1
424,12,39h,99.66,EMP0104,2
425,43,58h,81.48,EMP0046,2
426,47,67h,85.03,EMP0854,2
427,48,95h,63.62,EMP0622,1
428,20,56h,70.49,EMP0975,2
429,31,60h,67.6,EMP0576,1
430,41,100h,99.25,EMP0659,1
431,31,55h,61.27,EMP0970,2
432,8,98h,62.68,EMP0855,1
433,10,94h,79.39,EMP0819,1
434,38,69h,97.29,EMP0733,1
435,12,27h,71.48,EMP0931,1
436,3,80h,68.84,EMP0065,1
437,43,32h,65.15,EMP0593,1
438,8,79h,70.84,EMP0069,1
439,43,92h,78.73,EMP0445,2
440,11,21h,85.58,EMP0374,1
441,4,33h,82.22,EMP0537,2
442,40,74h,84.74,EMP0892,2
443,43,74h,97.76,EMP0958,1
444,3,53h,83.9,EMP0535,2
445,3,54h,82.21,EMP0258,2
446,36,93h,72.15,EMP0883,2
447,19,59h,63.65,EMP0110,2
448,9,95h,94.35,EMP0542,1
449,31,21h,81.79,EMP0171,1
450,35,85h,65.9,EMP0360,1
451,14,25h,76.36,EMP0617,1
452,6,97h,95.46,EMP0158,2
453,22,85h,96.32,EMP0679,1
454,50,91h,97.96,EMP0462,1
455,30,34h,87.27,EMP0070,1
456,41,91h,75.99,EMP0333,1
457,13,34h,93.02,EMP0087,1
458,33,36h,99.9,EMP0167,1
459,34,23h,89.22,EMP0378,2
460,43,47h,61.65,EMP0387,1
461,24,75h,71.88,EMP0195,2
462,37,35h,92.45,EMP0886,1
463,28,32h,95.31,EMP0071,2
464,10,77h,72.66,EMP0602,2
465,36,99h,77.67,EMP0004,1
466,50,82h,95.34,EMP0788,2
467,8,87h,93.57,EMP0811,1
468,7,66h,61.36,EMP0128,1
469,39,64h,85.56,EMP0767,2
470,1,54h,69.83,EMP0521,1
471,46,35h,73.8,EMP0337,1
472,2,89h,63.26,EMP0415,2
473,3,62h,66.84,EMP0385,2
474,38,81h,61.9,EMP0890,2
475,16,95h,60.74,EMP0034,1
476,45,75h,68.32,EMP0844,2
477,14,57h,90.61,EMP0552,1
478,1,48h,76.95,EMP0884,1
479,19,51h,66.09,EMP0542,1
480,25,41h,75.31,EMP0787,2
481,23,91h,88.0,EMP0086,2
482,21,33h,95.36,EMP0203,2
483,7,24h,96.53,EMP0401,2
484,30,51h,60.18,EMP0991,1
485,17,89h,92.4,EMP0369,2
486,14,72h,90.63,EMP0775,2
487,21,96h,75.52,EMP0276,2
488,44,95h,86.02,EMP0862,2
489,33,58h,68.66,EMP0795,2
490,25,81h,78.1,EMP0321,1
491,17,40h,69.28,EMP0760,1
492,4,95h,70.45,EMP0522,2
493,7,87h,63.21,EMP0878,1
494,7,80h,66.71,EMP0136,2
495,23,39h,72.08,EMP0047,1
496,20,29h,69.88,EMP0416,2
497,1,30h,66.72,EMP0356,2
498,10,44h,81.4,EMP0678,1
499,48,96h,75.58,EMP0296,1
500,43,93h,89.16,EMP0308,1
501,16,41h,95.76,EMP0665,1
502,10,90h,67.89,EMP0807,2
503,22,79h,73.88,EMP0504,2
504,2,52h,86.64,EMP0807,2
505,40,66h,77.28,EMP0342,1
506,31,59h,77.29,EMP0916,1
507,7,93h,65.53,EMP0678,1
508,5,57h,95.83,EMP0034,1
509,13,75h,96.37,EMP0065,2
510,32,32h,99.92,EMP0887,2
511,39,58h,68.81,EMP0133,2
512,37,46h,91.17,EMP0374,1
513,27,62h,91.44,EMP0393,1
514,10,80h,63.47,EMP0051,2
515,11,36h,86.97,EMP0371,1
516,6,42h,87.94,EMP0525,2
517,17,97h,66.34,EMP0121,2
518,13,86h,93.28,EMP0154,2
519,38,91h,73.76,EMP0742,1
520,23,55h,81.22,EMP0459,2
521,32,28h,75.1,EMP0192,1
522,48,95h,70.57,EMP0419,2
523,13,64h,96.67,EMP0017,1
524,23,52h,89.06,EMP0461,2
525,22,57h,77.29,EMP0401,1
526,43,76h,61.53,EMP0879,2
527,22,74h,66.5,EMP0753,2
528,15,20h,89.65,EMP0604,1
529,17,28h,65.7,EMP0293,1
530,16,68h,90.77,EMP0623,2
531,41,77h,67.55,EMP0624,1
532,16,21h,79.77,EMP0687,1
533,43,100h,89.93,EMP0384,1
534,35,79h,66.14,EMP0227,2
535,18,99h,65.51,EMP0183,2
536,43,29h,82.67,EMP0025,2
537,7,96h,93.83,EMP0640,1
538,29,79h,96.76,EMP0672,1
539,19,49h,76.76,EMP0047,2
540,14,38h,60.65,EMP0914,2
541,42,86h,99.15,EMP0057,2
542,33,75h,94.39,EMP0238,2
543,43,60h,99.6,EMP0040,1
544,41,72h,85.9,EMP0933,1
545,14,37h,70.88,EMP0730,1
546,17,80h,64.44,EMP0428,2
547,40,72h,85.94,EMP0703,2
548,9,82h,90.68,EMP0258,1
549,19,43h,99.17,EMP0937,2
550,47,96h,84.16,EMP0350,2
551,25,93h,78.88,EMP0338,2
552,29,100h,71.37,EMP0872,2
553,26,74h,91.61,EMP0850,2
554,30,87h,91.81,EMP0591,1
555,8,64h,93.41,EMP0906,2
556,18,50h,63.5,EMP0532,2
557,18,24h,88.69,EMP0300,2
558,11,78h,86.72,EMP0341,1
559,6,68h,75.79,EMP1000,2
560,46,37h,94.41,EMP0644,1
561,23,32h,67.5,EMP0204,1
562,13,82h,64.22,EMP0972,1
563,29,78h,99.7,EMP0122,2
564,43,70h,89.95,EMP0265,1
565,31,90h,78.98,EMP0329,1
566,28,69h,87.03,EMP0602,1
567,11,52h,80.54,EMP0958,2
568,10,70h,82.37,EMP0860,1
569,19,80h,75.62,EMP0995,2
570,43,100h,61.46,EMP0192,2
571,12,68h,65.49,EMP0500,1
572,48,40h,98.1,EMP0393,1
573,32,23h,89.84,EMP0688,2
574,12,34h,97.68,EMP0752,2
575,47,87h,72.19,EMP0417,1
576,21,54h,98.72,EMP0686,2
577,29,23h,90.38,EMP0256,2
578,39,28h,65.48,EMP0848,1
579,3,64h,71.04,EMP0098,2
580,22,30h,80.75,EMP0858,2
581,24,74h,94.64,EMP0743,1
582,2,92h,89.37,EMP0061,2
583,44,61h,74.25,EMP0452,1
584,49,42h,63.07,EMP0224,1
585,41,85h,79.01,EMP0058,2
586,6,99h,72.44,EMP0155,1
587,45,48h,77.81,EMP0849,1
588,17,22h,87.02,EMP0442,2
589,40,76h,80.53,EMP0658,2
590,47,47h,83.65,EMP0094,2
591,44,29h,74.91,EMP0466,2
592,20,86h,75.74,EMP0976,2
593,47,24h,74.03,EMP0588,2
594,33,99h,62.66,EMP0216,1
595,17,85h,70.81,EMP0679,2
596,42,72h,94.22,EMP0186,1
597,11,88h,65.0,EMP0131,2
598,11,72h,64.09,EMP0086,2
599,19,22h,64.97,EMP0828,1
600,13,58h,70.2,EMP0581,2
601,44,95h,83.32,EMP0122,1
602,27,30h,83.55,EMP0782,1
603,30,55h,91.29,EMP0227,1
604,12,71h,97.45,EMP0425,2
605,27,50h,80.99,EMP0356,1
606,17,30h,81.19,EMP0034,2
607,11,76h,92.83,EMP0342,2
608,23,46h,65.31,EMP0482,1
609,25,43h,66.92,EMP0827,2
610,30,79h,72.62,EMP0957,1
611,44,23h,81.29,EMP0583,2
612,25,54h,70.1,EMP0551,2
613,41,63h,95.72,EMP0717,2
614,13,80h,68.07,EMP0088,2
615,5,66h,79.38,EMP0889,1
616,6,94h,69.02,EMP0798,2
617,8,80h,73.58,EMP0022,1
618,10,97h,81.65,EMP0005,2
619,16,79h,85.8,EMP0733,1
620,41,89h,80.62,EMP0971,1
621,8,80h,77.24,EMP0301,1
622,46,51h,60.08,EMP0830,1
623,6,28h,72.09,EMP0400,1
624,37,37h,73.13,EMP0285,2
625,7,96h,62.08,EMP0972,2
626,5,40h,99.07,EMP0515,1
627,39,68h,98.84,EMP0253,2
628,26,100h,87.66,EMP0500,2
629,46,89h,79.1,EMP0916,2
630,6,92h,85.9,EMP0332,2
631,24,69h,88.59,EMP0171,2
632,36,37h,62.76,EMP0202,2
633,35,67h,67.8,EMP0153,1
634,21,46h,87.38,EMP0486,2
635,7,72h,98.66,EMP0293,2
636,36,51h,75.05,EMP0639,2
637,15,29h,67.72,EMP0271,2
638,45,39h,68.19,EMP0147,2
639,24,32h,76.26,EMP0674,2
640,48,52h,84.32,EMP0666,2
641,4,25h,68.7,EMP0111,2
642,14,40h,91.1,EMP0514,2
643,7,22h,87.95,EMP0177,2
644,26,67h,87.67,EMP0147,1
645,38,29h,92.94,EMP0281,1
646,16,86h,99.85,EMP0954,1
647,8,69h,94.37,EMP0894,1
648,13,52h,82.95,EMP0063,2
649,39,67h,68.11,EMP0323,1
650,6,49h,81.07,EMP0355,2
651,45,37h,68.46,EMP0594,1
652,47,44h,97.72,EMP0316,1
653,23,39h,60.97,EMP0495,2
654,23,40h,96.41,EMP0936,1
655,44,31h,62.05,EMP0836,1
656,19,32h,73.4,EMP0371,2
657,31,57h,71.32,EMP0539,1
658,25,65h,64.17,EMP0335,2
659,40,37h,62.22,EMP0538,2
660,13,63h,97.33,EMP0764,1
661,40,97h,84.8,EMP0221,2
662,17,47h,90.39,EMP0275,1
663,22,41h,94.57,EMP0949,1
664,18,46h,81.7,EMP0068,2
665,33,97h,89.43,EMP0635,1
666,18,81h,72.56,EMP0690,1
667,9,28h,93.71,EMP0348,2
668,1,86h,68.46,EMP0296,2
669,6,57h,99.21,EMP0795,1
670,33,88h,85.75,EMP0529,1
671,39,68h,87.29,EMP0075,2
672,46,99h,86.71,EMP0785,2
673,40,78h,63.85,EMP0991,2
674,16,60h,87.45,EMP0411,1
675,44,77h,94.53,EMP0832,2
676,13,54h,79.88,EMP0605,2
677,49,76h,87.22,EMP0092,1
678,3,46h,78.21,EMP0877,1
679,16,71h,77.56,EMP0406,1
680,4,84h,63.7,EMP0699,1
681,41,48h,73.12,EMP0448,2
682,16,73h,76.82,EMP0874,2
683,50,92h,96.27,EMP0580,2
684,20,54h,98.88,EMP0021,1
685,42,84h,65.28,EMP0008,2
686,32,46h,95.17,EMP0192,2
687,23,68h,82.92,EMP0737,1
688,38,46h,60.96,EMP0627,1
689,27,28h,68.54,EMP0148,2
690,48,26h,63.42,EMP0812,1
691,18,99h,98.37,EMP0944,2
692,42,65h,72.45,EMP0005,1
693,48,74h,65.74,EMP0822,1
694,14,75h,88.16,EMP0621,2
695,7,53h,97.03,EMP0751,2
696,21,71h,92.99,EMP0498,2
697,27,46h,68.02,EMP0960,1
698,27,21h,91.7,EMP0653,2
699,40,66h,70.59,EMP0631,2
700,35,40h,66.5,EMP0457,2
701,24,71h,80.88,EMP0725,2
702,42,74h,67.65,EMP0358,2
703,38,87h,94.0,EMP0990,1
704,25,75h,72.01,EMP0170,1
705,36,83h,72.61,EMP0977,1
706,45,36h,96.79,EMP0765,1
707,2,95h,80.69,EMP0077,2
708,39,66h,63.03,EMP0312,1
709,17,71h,84.59,EMP0967,2
710,33,89h,83.3,EMP0639,2
711,33,81h,64.26,EMP0614,2
712,39,51h,86.73,EMP0480,2
713,41,81h,80.67,EMP0246,1
714,45,80h,84.43,EMP0262,2
715,33,47h,61.26,EMP0811,1
716,37,78h,92.57,EMP0940,1
717,29,52h,60.1,EMP0286,1
718,48,41h,98.89,EMP0427,1
719,48,50h,64.79,EMP0738,1
720,49,76h,93.25,EMP0029,2
721,35,83h,80.73,EMP0925,2
722,39,26h,83.74,EMP0493,2
723,18,79h,78.5,EMP0443,2
724,19,21h,69.24,EMP0581,2
725,29,58h,84.45,EMP0944,1
726,21,54h,65.65,EMP0582,1
727,37,86h,82.47,EMP0291,1
728,39,54h,98.21,EMP0932,1
729,40,21h,68.9,EMP0535,1
730,12,98h,60.38,EMP0177,2
731,24,87h,74.13,EMP0241,1
732,46,49h,65.31,EMP0862,1
733,30,36h,87.29,EMP0222,2
734,40,39h,66.31,EMP0051,1
735,28,89h,70.36,EMP0930,1
736,44,91h,66.82,EMP0275,1
737,23,64h,69.09,EMP0740,2
738,7,90h,82.76,EMP0412,1
739,5,81h,60.67,EMP0192,2
740,10,89h,97.9,EMP0944,1
741,28,94h,75.17,EMP0019,2
742,9,76h,67.63,EMP0261,1
743,36,32h,88.5,EMP0211,2
744,50,59h,63.38,EMP0298,2
745,8,40h,71.5,EMP0696,2
746,50,37h,64.18,EMP0050,1
747,39,93h,60.23,EMP0193,1
748,25,61h,87.03,EMP0537,1
749,20,34h,95.43,EMP0859,2
750,34,63h,80.25,EMP0389,1
751,11,66h,65.91,EMP0687,2
752,1,34h,95.18,EMP0612,2
753,20,53h,64.45,EMP0698,1
754,49,86h,88.9,EMP0994,2
755,19,49h,75.64,EMP0669,2
756,43,45h,62.29,EMP0967,2
757,10,92h,77.93,EMP0189,2
758,18,91h,80.59,EMP0283,1
759,14,98h,78.15,EMP0705,2
760,31,42h,79.74,EMP0906,1
761,32,67h,90.61,EMP0538,2
762,30,59h,82.64,EMP0750,2
763,30,51h,64.86,EMP0168,1
764,29,62h,72.42,EMP0583,1
765,26,48h,70.71,EMP0410,2
766,11,65h,95.03,EMP0762,1
767,11,27h,98.34,EMP0387,1
768,13,60h,66.84,EMP0810,2
769,25,92h,73.59,EMP0022,2
770,15,86h,98.53,EMP0608,1
771,9,72h,70.01,EMP0568,2
772,34,97h,94.26,EMP0517,2
773,16,46h,66.44,EMP0873,1
774,10,58h,69.77,EMP0969,1
775,41,79h,72.48,EMP0344,1
776,27,25h,89.81,EMP0946,2
777,47,59h,96.06,EMP0919,1
778,33,68h,82.86,EMP0244,2
779,20,53h,83.13,EMP0495,1
780,4,37h,94.92,EMP0442,1
781,48,79h,61.23,EMP0232,1
782,25,90h,94.83,EMP0796,2
783,21,91h,78.14,EMP0513,2
784,26,82h,88.63,EMP0689,1
785,6,31h,88.08,EMP0659,2
786,49,57h,77.91,EMP0330,1
787,4,87h,66.99,EMP0072,1
788,42,54h,70.35,EMP0206,1
789,16,59h,93.88,EMP0628,2
790,45,79h,70.97,EMP0604,2
791,24,25h,64.57,EMP0945,1
792,4,91h,80.41,EMP0679,2
793,19,47h,61.69,EMP0700,2
794,50,100h,99.19,EMP0681,1
795,9,97h,73.29,EMP0037,2
796,33,56h,78.26,EMP0317,2
797,7,31h,67.73,EMP0754,1
798,25,86h,82.71,EMP0440,2
799,16,77h,80.61,EMP0520,2
800,23,21h,83.96,EMP0844,1
801,28,43h,88.56,EMP0933,1
802,16,38h,69.51,EMP0318,2
803,41,69h,98.92,EMP0191,1
804,37,51h,78.36,EMP0805,2
805,35,98h,82.97,EMP0157,1
806,27,97h,62.55,EMP0119,1
807,34,30h,65.45,EMP0845,2
808,15,53h,95.94,EMP0688,2
809,17,67h,80.8,EMP0231,2
810,1,79h,95.12,EMP0619,1
811,6,32h,78.97,EMP0735,2
812,14,65h,68.3,EMP0722,2
813,34,30h,96.32,EMP0074,1
814,22,85h,96.3,EMP0839,2
815,11,57h,73.91,EMP0319,2
816,40,30h,65.51,EMP0174,1
817,6,98h,88.79,EMP0819,1
818,16,62h,60.43,EMP0960,2
819,2,79h,88.13,EMP0046,1
820,25,98h,89.26,EMP0533,2
821,3,32h,61.31,EMP0607,1
822,41,99h,80.29,EMP0085,2
823,40,87h,80.17,EMP0617,1
824,46,37h,94.02,EMP0458,2
825,45,62h,72.45,EMP0426,1
826,44,45h,91.13,EMP0099,1
827,43,59h,75.6,EMP0678,2
828,49,33h,66.49,EMP0070,2
829,18,57h,69.56,EMP0188,2
830,30,68h,82.52,EMP0605,2
831,11,60h,71.27,EMP0622,1
832,8,46h,82.95,EMP0405,1
833,12,84h,66.97,EMP0112,1
834,43,95h,60.9,EMP0030,1
835,27,25h,87.1,EMP0818,1
836,6,73h,74.2,EMP0760,2
837,40,20h,86.26,EMP0351,1
838,4,45h,99.65,EMP0094,1
839,40,67h,81.3,EMP0181,2
840,2,52h,77.56,EMP0691,2
841,20,78h,96.36,EMP0404,1
842,46,91h,70.49,EMP0431,1
843,32,61h,95.61,EMP0283,2
844,15,72h,89.75,EMP0623,1
845,37,68h,63.42,EMP0217,2
846,34,55h,69.72,EMP0115,2
847,50,53h,87.89,EMP0237,1
848,18,100h,83.87,EMP0242,1
849,11,92h,89.36,EMP0876,2
850,11,42h,82.82,EMP0037,1
851,20,47h,82.12,EMP0948,2
852,30,86h,87.92,EMP0277,2
853,10,59h,97.08,EMP0636,2
854,42,43h,62.57,EMP0442,2
855,35,38h,70.37,EMP0647,2
856,9,75h,72.84,EMP0537,2
857,15,56h,87.25,EMP0245,1
858,40,34h,82.03,EMP0344,1
859,9,55h,77.33,EMP0545,2
860,17,94h,94.56,EMP0346,1
861,18,72h,83.85,EMP0867,1
862,21,44h,96.19,EMP0141,2
863,36,43h,61.98,EMP0490,2
864,41,85h,89.07,EMP0742,1
865,13,84h,83.94,EMP0448,1
866,6,56h,83.74,EMP0139,1
867,2,67h,72.37,EMP0666,1
868,41,37h,85.98,EMP0876,1
869,25,63h,88.07,EMP0842,2
870,25,34h,68.83,EMP0836,2
871,28,89h,77.3,EMP0815,2
872,10,55h,67.78,EMP0033,1
873,13,63h,70.79,EMP0996,2
874,32,68h,99.12,EMP0078,2
875,41,63h,89.26,EMP0264,1
876,6,59h,78.08,EMP0169,1
877,10,97h,99.27,EMP0386,2
878,6,95h,79.39,EMP0332,2
879,20,54h,89.27,EMP0046,2
880,33,73h,85.06,EMP0492,2
881,25,98h,71.81,EMP0067,1
882,33,59h,78.81,EMP0464,1
883,48,31h,78.68,EMP0210,1
884,39,57h,93.93,EMP0583,2
885,39,71h,89.5,EMP0169,1
886,1,48h,97.61,EMP0531,1
887,16,37h,96.26,EMP0999,2
888,30,51h,90.2,EMP0851,1
889,40,39h,87.54,EMP0438,1
890,11,48h,76.24,EMP0884,1
891,8,76h,97.95,EMP0697,2
892,11,37h,70.51,EMP0876,2
893,7,58h,64.15,EMP0790,2
894,30,88h,92.18,EMP0450,2
895,11,70h,61.86,EMP0301,2
896,7,27h,92.7,EMP0695,2
897,7,86h,80.97,EMP0386,2
898,22,25h,98.04,EMP0434,1
899,16,67h,87.59,EMP0216,1
900,25,20h,62.39,EMP0767,2
901,21,97h,95.54,EMP0344,2
902,7,82h,94.35,EMP0272,2
903,42,50h,63.03,EMP0359,2
904,17,94h,98.47,EMP0740,2
905,22,41h,86.87,EMP0592,1
906,42,22h,78.22,EMP0503,2
907,5,38h,86.66,EMP0883,1
908,6,55h,89.64,EMP0585,1
909,34,27h,70.43,EMP0695,1
910,39,69h,61.34,EMP0222,1
911,8,36h,94.97,EMP0825,2
912,9,44h,64.11,EMP0028,1
913,24,74h,80.39,EMP0236,2
914,50,89h,64.71,EMP0610,2
915,24,20h,60.54,EMP0452,1
916,26,100h,66.91,EMP0494,1
917,10,46h,68.43,EMP0831,2
918,48,32h,92.64,EMP0505,2
919,14,65h,79.24,EMP0244,2
920,14,44h,60.24,EMP0601,2
921,20,98h,82.49,EMP0043,2
922,38,54h,93.58,EMP0218,1
923,19,66h,68.48,EMP0488,2
924,33,99h,91.65,EMP0293,2
925,39,83h,99.68,EMP0360,2
926,33,54h,82.23,EMP0182,1
927,37,87h,79.55,EMP0484,1
928,32,56h,69.42,EMP0782,2
929,22,99h,95.69,EMP0786,1
930,46,52h,78.32,EMP0285,1
931,35,72h,81.53,EMP0650,2
932,6,32h,64.87,EMP0126,1
933,27,45h,85.04,EMP0070,2
934,18,85h,76.76,EMP0338,1
935,16,42h,98.98,EMP0340,1
936,1,33h,64.64,EMP0272,1
937,8,23h,81.27,EMP0419,1
938,10,36h,92.19,EMP0970,2
939,10,81h,73.46,EMP0517,2
940,48,70h,75.95,EMP0389,1
941,6,84h,84.24,EMP0345,2
942,44,77h,74.5,EMP0281,2
943,28,91h,68.43,EMP0487,1
944,25,98h,75.25,EMP0509,2
945,7,80h,62.39,EMP0380,1
946,24,73h,67.09,EMP0219,1
947,9,57h,69.79,EMP0197,1
948,37,52h,63.38,EMP0886,2
949,18,32h,66.43,EMP0139,1
950,36,74h,92.58,EMP0627,1
951,1,96h,63.76,EMP0332,1
952,24,55h,92.74,EMP0306,1
953,29,78h,67.22,EMP0325,1
954,7,72h,80.42,EMP0642,2
955,26,71h,72.21,EMP0933,1
956,18,82h,64.94,EMP0924,1
957,29,84h,82.11,EMP0492,2
958,24,43h,90.86,EMP0606,2
959,35,85h,75.59,EMP0037,2
960,32,61h,92.46,EMP0901,2
961,44,37h,63.66,EMP0654,1
962,4,91h,73.24,EMP0610,2
963,42,73h,82.26,EMP0762,2
964,10,21h,96.71,EMP0762,1
965,7,24h,96.52,EMP0637,1
966,35,39h,97.09,EMP0670,2
967,18,37h,70.54,EMP0941,1
968,47,81h,68.8,EMP0700,1
969,21,65h,70.01,EMP0670,2
970,47,68h,71.46,EMP0585,2
971,50,99h,64.59,EMP0840,1
972,25,34h,90.55,EMP0116,2
973,18,28h,81.87,EMP0571,1
974,5,40h,93.28,EMP0374,1
975,44,92h,92.52,EMP0780,2
976,14,25h,69.96,EMP0288,1
977,40,89h,78.31,EMP0088,2
978,12,50h,78.84,EMP0337,2
979,47,64h,78.36,EMP0542,2
980,32,93h,95.46,EMP0847,2
981,9,36h,67.55,EMP0107,1
982,2,70h,79.2,EMP0646,1
983,21,53h,61.56,EMP0681,1
984,16,51h,93.55,EMP0635,2
985,17,86h,92.02,EMP0466,1
986,22,23h,78.58,EMP0381,2
987,9,59h,86.5,EMP0395,1
988,2,44h,97.51,EMP0396,2
989,6,85h,82.33,EMP0737,1
990,33,92h,78.92,EMP0453,2
991,27,79h,88.86,EMP0342,2
992,15,98h,67.87,EMP0419,2
993,29,54h,70.51,EMP0633,2
994,16,26h,79.14,EMP0933,1
995,35,66h,79.62,EMP0246,1
996,43,21h,81.66,EMP0676,2
997,30,49h,89.25,EMP0338,1
998,10,73h,79.93,EMP0405,1
999,39,47h,83.13,EMP0030,2
1000,49,60h,98.74,EMP0687,1
