id,courseId,enrollmentDate,completionStatus,completionDate,lastUpdated,percentage,userId,learningPathId,enrollmentId,score,certificateLink
1,23,2024-10-07,In Progress,,2024-10-14,47,EMP0012,10.0,1,79.43,http://certificates.com/1
2,18,2022-09-03,Completed,2024-07-18,2024-10-14,85,EMP0071,,2,61.33,
3,30,2022-01-09,In Progress,,2024-10-14,46,EMP0849,,3,69.77,http://certificates.com/3
4,12,2023-09-10,Completed,2024-03-19,2024-10-14,87,EMP0819,,4,92.94,http://certificates.com/4
5,46,2020-11-08,In Progress,,2024-10-14,17,EMP0161,4.0,5,95.77,http://certificates.com/5
6,18,2021-07-06,In Progress,,2024-10-14,20,EMP0805,,6,86.5,
7,4,2022-04-18,Completed,2023-11-13,2024-10-14,90,EMP0178,,7,64.84,http://certificates.com/7
8,47,2023-10-04,Completed,2024-04-01,2024-10-14,71,EMP0972,7.0,8,70.21,
9,8,2023-07-09,In Progress,,2024-10-14,4,EMP0818,,9,96.0,http://certificates.com/9
10,49,2023-09-08,Completed,2023-09-27,2024-10-14,85,EMP0971,,10,82.52,
11,16,2021-06-24,Completed,2023-04-01,2024-10-14,79,EMP0572,10.0,11,76.13,http://certificates.com/11
12,12,2020-07-08,Completed,2023-09-21,2024-10-14,70,EMP0402,,12,86.81,http://certificates.com/12
13,48,2023-02-02,In Progress,,2024-10-14,13,EMP0657,,13,70.45,
14,47,2024-10-10,Completed,2024-10-10,2024-10-14,52,EMP0966,2.0,14,71.88,http://certificates.com/14
15,17,2020-10-25,In Progress,,2024-10-14,5,EMP0179,,15,69.26,http://certificates.com/15
16,23,2020-03-20,Completed,2020-10-16,2024-10-14,94,EMP0260,8.0,16,88.69,http://certificates.com/16
17,43,2024-04-29,Completed,2024-10-05,2024-10-14,77,EMP0097,6.0,17,93.03,
18,31,2023-08-09,Completed,2023-08-30,2024-10-14,95,EMP0973,,18,78.87,http://certificates.com/18
19,22,2024-07-31,Completed,2024-08-07,2024-10-14,65,EMP0854,,19,94.14,http://certificates.com/19
20,31,2024-10-07,In Progress,,2024-10-14,16,EMP0037,,20,94.91,
21,30,2022-06-18,Completed,2024-09-08,2024-10-14,85,EMP0494,5.0,21,90.39,
22,12,2022-08-05,Completed,2023-12-22,2024-10-14,56,EMP0490,,22,68.9,http://certificates.com/22
23,17,2019-11-18,Completed,2021-04-04,2024-10-14,70,EMP0253,7.0,23,83.43,
24,41,2020-06-25,In Progress,,2024-10-14,32,EMP0270,,24,92.93,
25,24,2024-01-18,In Progress,,2024-10-14,50,EMP0017,6.0,25,65.27,http://certificates.com/25
26,47,2022-09-21,Completed,2023-09-07,2024-10-14,71,EMP0737,,26,76.41,
27,28,2024-08-10,In Progress,,2024-10-14,19,EMP0724,8.0,27,73.05,http://certificates.com/27
28,9,2021-05-01,Completed,2022-03-27,2024-10-14,92,EMP0976,,28,63.88,http://certificates.com/28
29,7,2022-04-24,In Progress,,2024-10-14,40,EMP0770,,29,90.71,
30,28,2024-06-15,In Progress,,2024-10-14,25,EMP0229,,30,70.69,
31,13,2019-12-28,In Progress,,2024-10-14,33,EMP0245,9.0,31,94.03,
32,12,2021-04-18,In Progress,,2024-10-14,42,EMP0009,,32,74.9,
33,41,2023-01-24,Completed,2024-07-11,2024-10-14,97,EMP0158,,33,79.08,
34,25,2024-10-06,In Progress,,2024-10-14,38,EMP0690,,34,61.58,http://certificates.com/34
35,30,2022-07-18,In Progress,,2024-10-14,12,EMP0414,9.0,35,94.32,http://certificates.com/35
36,31,2020-02-19,Completed,2022-04-14,2024-10-14,98,EMP0277,,36,66.47,
37,50,2023-12-18,In Progress,,2024-10-14,8,EMP0670,6.0,37,83.23,
38,47,2020-12-04,In Progress,,2024-10-14,36,EMP0447,2.0,38,95.1,http://certificates.com/38
39,10,2024-02-13,In Progress,,2024-10-14,11,EMP0430,,39,95.64,
40,43,2021-10-25,In Progress,,2024-10-14,17,EMP0234,1.0,40,82.4,
41,45,2021-09-15,In Progress,,2024-10-14,18,EMP0847,,41,90.86,
42,46,2024-07-24,Completed,2024-08-12,2024-10-14,90,EMP0079,4.0,42,66.96,
43,20,2020-08-30,Completed,2023-11-16,2024-10-14,93,EMP0194,3.0,43,98.6,http://certificates.com/43
44,13,2020-10-23,In Progress,,2024-10-14,22,EMP0490,6.0,44,74.39,http://certificates.com/44
45,1,2020-05-10,In Progress,,2024-10-14,33,EMP0132,1.0,45,80.78,http://certificates.com/45
46,10,2020-01-06,In Progress,,2024-10-14,45,EMP0265,,46,77.33,
47,49,2024-06-11,In Progress,,2024-10-14,37,EMP0784,,47,71.59,http://certificates.com/47
48,23,2019-11-15,In Progress,,2024-10-14,13,EMP0226,1.0,48,81.56,http://certificates.com/48
49,1,2022-07-07,Completed,2024-08-02,2024-10-14,64,EMP0974,,49,70.89,
50,9,2019-10-21,In Progress,,2024-10-14,48,EMP0497,10.0,50,79.77,http://certificates.com/50
51,25,2022-08-20,Completed,2023-12-26,2024-10-14,92,EMP0847,5.0,51,72.56,http://certificates.com/51
52,14,2024-06-20,In Progress,,2024-10-14,50,EMP0717,9.0,52,93.41,
53,43,2023-05-18,In Progress,,2024-10-14,29,EMP0946,6.0,53,65.02,
54,40,2023-04-14,In Progress,,2024-10-14,28,EMP0144,,54,67.44,http://certificates.com/54
55,44,2020-09-08,In Progress,,2024-10-14,43,EMP0050,,55,70.55,
56,40,2022-04-24,Completed,2023-02-26,2024-10-14,69,EMP0146,7.0,56,99.9,http://certificates.com/56
57,38,2020-09-07,In Progress,,2024-10-14,26,EMP0060,9.0,57,93.65,
58,26,2023-09-25,In Progress,,2024-10-14,37,EMP0583,4.0,58,75.03,http://certificates.com/58
59,3,2023-06-03,In Progress,,2024-10-14,6,EMP0315,,59,63.24,http://certificates.com/59
60,34,2024-03-26,In Progress,,2024-10-14,33,EMP0373,8.0,60,80.65,http://certificates.com/60
61,8,2023-04-30,In Progress,,2024-10-14,45,EMP0859,,61,92.61,
62,3,2024-07-31,Completed,2024-08-25,2024-10-14,76,EMP0106,4.0,62,60.03,
63,25,2023-03-17,In Progress,,2024-10-14,48,EMP0401,,63,63.08,
64,31,2022-06-17,In Progress,,2024-10-14,11,EMP0766,9.0,64,85.21,
65,48,2021-04-25,Completed,2024-09-19,2024-10-14,84,EMP0048,2.0,65,88.68,http://certificates.com/65
66,6,2023-10-21,Completed,2024-10-11,2024-10-14,58,EMP0660,,66,78.11,
67,50,2024-09-28,In Progress,,2024-10-14,15,EMP0946,,67,98.41,
68,50,2024-03-12,In Progress,,2024-10-14,44,EMP0552,,68,71.72,
69,23,2020-02-17,In Progress,,2024-10-14,32,EMP0461,,69,67.5,
70,4,2021-02-11,In Progress,,2024-10-14,16,EMP0567,10.0,70,79.03,
71,47,2022-05-11,In Progress,,2024-10-14,28,EMP0325,2.0,71,69.73,
72,5,2022-07-03,In Progress,,2024-10-14,11,EMP0822,,72,77.36,http://certificates.com/72
73,46,2020-04-07,Completed,2023-08-31,2024-10-14,68,EMP0892,3.0,73,76.59,http://certificates.com/73
74,5,2022-07-05,Completed,2023-03-09,2024-10-14,65,EMP0208,,74,60.72,http://certificates.com/74
75,7,2023-07-19,Completed,2023-10-24,2024-10-14,62,EMP0607,6.0,75,65.13,
76,27,2019-12-18,In Progress,,2024-10-14,4,EMP0267,9.0,76,83.49,
77,45,2020-03-21,In Progress,,2024-10-14,20,EMP0113,2.0,77,63.31,
78,6,2023-06-18,Completed,2023-06-27,2024-10-14,78,EMP0646,,78,71.03,http://certificates.com/78
79,40,2023-10-16,In Progress,,2024-10-14,5,EMP0135,1.0,79,97.91,
80,7,2023-10-17,Completed,2024-10-08,2024-10-14,59,EMP0661,6.0,80,61.07,http://certificates.com/80
81,9,2023-03-12,Completed,2023-10-19,2024-10-14,51,EMP0603,,81,96.79,http://certificates.com/81
82,17,2022-04-07,Completed,2022-08-28,2024-10-14,51,EMP0736,1.0,82,69.39,
83,19,2022-09-01,Completed,2023-12-06,2024-10-14,71,EMP0857,8.0,83,83.36,http://certificates.com/83
84,45,2023-05-25,In Progress,,2024-10-14,28,EMP0953,7.0,84,78.08,http://certificates.com/84
85,17,2020-10-30,In Progress,,2024-10-14,37,EMP0931,,85,68.17,
86,12,2021-09-25,In Progress,,2024-10-14,7,EMP0934,3.0,86,81.17,http://certificates.com/86
87,4,2024-08-20,In Progress,,2024-10-14,37,EMP0433,5.0,87,68.55,
88,32,2022-03-31,In Progress,,2024-10-14,16,EMP0138,,88,64.15,
89,16,2024-06-06,Completed,2024-09-14,2024-10-14,87,EMP0006,,89,70.29,
90,14,2021-11-02,In Progress,,2024-10-14,1,EMP0112,5.0,90,62.82,
91,6,2022-09-17,Completed,2024-03-01,2024-10-14,63,EMP0614,,91,97.7,
92,25,2022-05-25,Completed,2023-09-20,2024-10-14,57,EMP0325,,92,73.77,http://certificates.com/92
93,19,2020-09-22,Completed,2021-01-24,2024-10-14,60,EMP0204,,93,90.18,
94,35,2024-03-27,Completed,2024-09-05,2024-10-14,91,EMP0958,,94,76.59,http://certificates.com/94
95,22,2023-05-25,Completed,2024-02-01,2024-10-14,89,EMP0865,,95,75.6,
96,26,2024-07-02,In Progress,,2024-10-14,49,EMP0160,,96,68.89,http://certificates.com/96
97,49,2022-01-21,In Progress,,2024-10-14,20,EMP0076,8.0,97,83.12,http://certificates.com/97
98,47,2022-10-13,In Progress,,2024-10-14,30,EMP0143,7.0,98,88.51,http://certificates.com/98
99,36,2022-06-11,Completed,2023-09-17,2024-10-14,63,EMP0942,,99,74.98,http://certificates.com/99
100,3,2019-11-04,In Progress,,2024-10-14,38,EMP0548,,100,83.1,
101,2,2020-06-14,Completed,2023-12-01,2024-10-14,53,EMP0044,,101,88.57,http://certificates.com/101
102,2,2020-04-14,In Progress,,2024-10-14,38,EMP0164,5.0,102,74.03,http://certificates.com/102
103,16,2020-08-23,In Progress,,2024-10-14,27,EMP0759,,103,65.52,
104,24,2022-10-12,Completed,2024-10-11,2024-10-14,69,EMP0125,,104,76.37,http://certificates.com/104
105,17,2021-01-28,In Progress,,2024-10-14,3,EMP0873,3.0,105,74.55,
106,17,2020-01-21,Completed,2023-04-16,2024-10-14,92,EMP0354,,106,76.74,
107,35,2023-10-29,Completed,2024-04-06,2024-10-14,76,EMP0460,,107,61.28,http://certificates.com/107
108,23,2024-09-19,Completed,2024-10-02,2024-10-14,89,EMP0449,6.0,108,60.02,http://certificates.com/108
109,39,2022-04-06,Completed,2023-02-02,2024-10-14,66,EMP0849,2.0,109,65.42,
110,25,2019-11-19,In Progress,,2024-10-14,36,EMP0695,,110,73.02,
111,28,2021-07-14,Completed,2024-04-24,2024-10-14,94,EMP0992,4.0,111,63.12,
112,29,2024-09-05,Completed,2024-10-06,2024-10-14,94,EMP0185,,112,65.32,http://certificates.com/112
113,26,2021-05-27,In Progress,,2024-10-14,37,EMP0338,,113,71.81,
114,46,2021-04-08,Completed,2022-05-10,2024-10-14,62,EMP0135,5.0,114,67.85,http://certificates.com/114
115,9,2023-08-02,Completed,2024-05-04,2024-10-14,83,EMP0496,8.0,115,66.54,http://certificates.com/115
116,5,2020-05-16,In Progress,,2024-10-14,35,EMP0316,8.0,116,97.74,
117,32,2022-06-05,Completed,2024-04-21,2024-10-14,81,EMP0335,6.0,117,82.91,http://certificates.com/117
118,19,2020-07-15,In Progress,,2024-10-14,18,EMP0744,7.0,118,93.36,http://certificates.com/118
119,17,2021-11-27,In Progress,,2024-10-14,34,EMP0477,5.0,119,95.14,
120,14,2023-06-14,In Progress,,2024-10-14,38,EMP0469,,120,78.1,
121,28,2022-11-12,In Progress,,2024-10-14,4,EMP0743,,121,85.57,
122,38,2021-07-01,Completed,2024-03-14,2024-10-14,90,EMP0805,9.0,122,62.05,http://certificates.com/122
123,9,2020-03-01,Completed,2021-04-06,2024-10-14,98,EMP0427,,123,84.34,
124,8,2020-04-08,Completed,2020-05-20,2024-10-14,82,EMP0384,1.0,124,80.83,
125,22,2020-08-09,Completed,2023-06-18,2024-10-14,52,EMP0168,,125,99.92,
126,37,2020-10-04,Completed,2021-07-31,2024-10-14,61,EMP0902,,126,63.39,
127,19,2020-04-03,Completed,2023-10-10,2024-10-14,65,EMP0304,,127,95.17,
128,9,2023-11-03,In Progress,,2024-10-14,17,EMP0363,,128,87.08,
129,7,2021-06-10,In Progress,,2024-10-14,46,EMP0587,6.0,129,98.31,
130,23,2024-05-04,Completed,2024-07-17,2024-10-14,90,EMP0703,,130,70.46,http://certificates.com/130
131,8,2021-11-21,Completed,2023-02-18,2024-10-14,75,EMP0882,4.0,131,88.75,http://certificates.com/131
132,37,2020-10-15,Completed,2022-08-12,2024-10-14,55,EMP0410,,132,64.23,
133,28,2021-06-07,Completed,2024-08-01,2024-10-14,94,EMP0093,,133,86.42,
134,48,2022-05-13,Completed,2024-04-17,2024-10-14,52,EMP0398,,134,60.23,
135,7,2019-10-17,Completed,2024-05-04,2024-10-14,98,EMP0474,,135,76.02,http://certificates.com/135
136,9,2021-11-14,Completed,2022-06-14,2024-10-14,98,EMP0020,6.0,136,72.27,http://certificates.com/136
137,1,2023-03-07,In Progress,,2024-10-14,3,EMP0419,,137,88.22,http://certificates.com/137
138,49,2023-04-25,In Progress,,2024-10-14,43,EMP0345,5.0,138,91.08,
139,18,2021-07-14,In Progress,,2024-10-14,26,EMP0533,6.0,139,99.66,http://certificates.com/139
140,33,2023-02-18,In Progress,,2024-10-14,49,EMP0210,,140,64.43,http://certificates.com/140
141,24,2021-06-26,Completed,2023-05-18,2024-10-14,55,EMP0435,4.0,141,70.57,http://certificates.com/141
142,7,2020-06-22,Completed,2023-12-03,2024-10-14,81,EMP0824,10.0,142,66.18,
143,48,2022-10-19,Completed,2022-12-04,2024-10-14,52,EMP0760,,143,91.65,
144,2,2024-03-08,In Progress,,2024-10-14,47,EMP0142,9.0,144,87.01,
145,39,2023-12-03,In Progress,,2024-10-14,37,EMP0597,8.0,145,78.56,http://certificates.com/145
146,12,2022-12-29,In Progress,,2024-10-14,2,EMP0584,1.0,146,72.19,http://certificates.com/146
147,14,2021-10-23,In Progress,,2024-10-14,11,EMP0189,,147,79.54,http://certificates.com/147
148,33,2024-09-06,In Progress,,2024-10-14,6,EMP0082,3.0,148,86.87,http://certificates.com/148
149,40,2020-06-18,Completed,2022-12-13,2024-10-14,87,EMP0289,8.0,149,93.7,http://certificates.com/149
150,27,2020-11-15,In Progress,,2024-10-14,17,EMP0384,10.0,150,95.14,http://certificates.com/150
151,15,2022-10-19,Completed,2024-01-27,2024-10-14,78,EMP0921,,151,60.02,
152,40,2022-10-03,In Progress,,2024-10-14,20,EMP0696,8.0,152,61.19,http://certificates.com/152
153,40,2020-06-30,Completed,2021-01-03,2024-10-14,51,EMP0256,10.0,153,93.47,http://certificates.com/153
154,1,2020-06-10,Completed,2021-02-10,2024-10-14,96,EMP0201,,154,66.71,
155,32,2020-11-16,Completed,2023-07-05,2024-10-14,72,EMP0440,5.0,155,82.57,
156,23,2021-05-15,Completed,2021-07-08,2024-10-14,60,EMP0705,10.0,156,99.5,
157,11,2020-09-29,Completed,2022-10-18,2024-10-14,55,EMP0035,,157,77.01,
158,1,2024-05-24,Completed,2024-07-12,2024-10-14,71,EMP0227,9.0,158,97.4,
159,32,2024-05-05,Completed,2024-10-04,2024-10-14,65,EMP0525,5.0,159,62.59,http://certificates.com/159
160,39,2022-09-19,In Progress,,2024-10-14,17,EMP0391,2.0,160,75.58,http://certificates.com/160
161,47,2019-10-28,Completed,2021-09-08,2024-10-14,50,EMP0234,6.0,161,96.09,
162,12,2023-12-21,Completed,2024-06-15,2024-10-14,90,EMP0498,7.0,162,95.9,http://certificates.com/162
163,47,2024-05-04,In Progress,,2024-10-14,2,EMP0865,,163,69.43,http://certificates.com/163
164,35,2020-10-06,Completed,2023-03-17,2024-10-14,55,EMP0958,,164,63.84,http://certificates.com/164
165,14,2022-01-04,In Progress,,2024-10-14,32,EMP0843,,165,62.55,http://certificates.com/165
166,19,2024-03-28,Completed,2024-07-20,2024-10-14,92,EMP0363,1.0,166,68.36,
167,1,2023-03-12,Completed,2023-04-17,2024-10-14,83,EMP0799,,167,93.92,
168,27,2022-07-30,Completed,2023-11-15,2024-10-14,95,EMP0929,,168,81.31,http://certificates.com/168
169,4,2022-01-08,In Progress,,2024-10-14,47,EMP0550,6.0,169,94.85,http://certificates.com/169
170,37,2021-07-24,In Progress,,2024-10-14,44,EMP0568,,170,83.75,
171,34,2022-11-20,Completed,2024-05-16,2024-10-14,75,EMP0099,,171,72.29,http://certificates.com/171
172,44,2020-04-01,Completed,2024-03-05,2024-10-14,56,EMP0126,,172,99.74,http://certificates.com/172
173,6,2023-12-18,Completed,2024-06-11,2024-10-14,69,EMP0802,7.0,173,94.42,http://certificates.com/173
174,9,2019-11-16,In Progress,,2024-10-14,5,EMP0344,4.0,174,89.84,http://certificates.com/174
175,13,2022-09-17,Completed,2024-09-15,2024-10-14,64,EMP0003,9.0,175,71.73,
176,11,2021-06-03,In Progress,,2024-10-14,14,EMP0860,,176,60.19,
177,23,2022-06-08,In Progress,,2024-10-14,18,EMP0806,,177,96.59,
178,21,2024-05-04,In Progress,,2024-10-14,41,EMP0319,8.0,178,76.6,
179,35,2021-09-01,In Progress,,2024-10-14,49,EMP0409,6.0,179,63.83,http://certificates.com/179
180,25,2020-08-28,In Progress,,2024-10-14,15,EMP0955,,180,77.21,http://certificates.com/180
181,26,2022-03-08,Completed,2022-11-04,2024-10-14,77,EMP0675,,181,77.92,http://certificates.com/181
182,45,2021-04-14,In Progress,,2024-10-14,13,EMP0694,2.0,182,63.54,http://certificates.com/182
183,50,2020-06-26,In Progress,,2024-10-14,45,EMP0209,,183,76.64,http://certificates.com/183
184,39,2020-11-29,In Progress,,2024-10-14,31,EMP0376,6.0,184,83.46,http://certificates.com/184
185,22,2019-11-15,Completed,2023-01-13,2024-10-14,60,EMP0091,,185,71.3,
186,3,2022-04-08,In Progress,,2024-10-14,10,EMP0597,10.0,186,89.22,
187,35,2020-07-13,Completed,2024-01-25,2024-10-14,64,EMP0146,2.0,187,68.14,
188,28,2023-03-18,In Progress,,2024-10-14,40,EMP0532,,188,77.32,http://certificates.com/188
189,6,2024-09-12,Completed,2024-10-06,2024-10-14,63,EMP1000,,189,93.36,http://certificates.com/189
190,49,2022-08-19,In Progress,,2024-10-14,50,EMP0934,6.0,190,94.56,
191,45,2024-02-29,Completed,2024-05-21,2024-10-14,58,EMP0492,3.0,191,89.31,
192,15,2022-04-15,Completed,2022-05-16,2024-10-14,63,EMP0604,,192,62.33,
193,17,2024-01-08,Completed,2024-05-17,2024-10-14,76,EMP0702,6.0,193,73.5,
194,33,2024-03-03,Completed,2024-03-28,2024-10-14,96,EMP0044,2.0,194,83.54,
195,23,2020-08-29,Completed,2023-01-20,2024-10-14,60,EMP0602,,195,72.0,http://certificates.com/195
196,19,2021-05-23,In Progress,,2024-10-14,16,EMP0491,8.0,196,99.85,
197,31,2021-12-06,Completed,2022-11-26,2024-10-14,84,EMP0556,4.0,197,87.4,
198,38,2021-09-20,In Progress,,2024-10-14,45,EMP0920,,198,88.74,http://certificates.com/198
199,20,2021-01-27,In Progress,,2024-10-14,4,EMP0658,10.0,199,67.71,
200,3,2020-12-27,Completed,2021-03-01,2024-10-14,98,EMP0147,,200,78.22,
201,3,2022-05-07,Completed,2022-07-13,2024-10-14,90,EMP0042,2.0,201,76.41,
202,36,2021-08-05,In Progress,,2024-10-14,37,EMP0148,,202,75.26,http://certificates.com/202
203,1,2022-09-25,Completed,2024-07-17,2024-10-14,84,EMP0564,,203,95.12,
204,35,2023-11-14,Completed,2024-02-26,2024-10-14,75,EMP0595,7.0,204,69.1,http://certificates.com/204
205,44,2024-08-26,In Progress,,2024-10-14,0,EMP0004,,205,97.74,http://certificates.com/205
206,19,2021-05-13,In Progress,,2024-10-14,11,EMP0270,,206,95.36,
207,47,2021-08-03,Completed,2022-07-29,2024-10-14,66,EMP0819,1.0,207,61.74,http://certificates.com/207
208,39,2023-06-18,Completed,2024-04-06,2024-10-14,96,EMP0292,,208,88.02,
209,24,2024-01-30,Completed,2024-07-24,2024-10-14,51,EMP0552,2.0,209,91.04,http://certificates.com/209
210,9,2021-04-18,In Progress,,2024-10-14,37,EMP0275,,210,96.66,http://certificates.com/210
211,43,2023-11-28,In Progress,,2024-10-14,20,EMP0108,,211,99.19,http://certificates.com/211
212,20,2020-12-25,Completed,2020-12-29,2024-10-14,82,EMP0524,9.0,212,85.34,
213,25,2021-08-28,In Progress,,2024-10-14,19,EMP0599,7.0,213,99.26,
214,33,2021-07-23,Completed,2023-10-23,2024-10-14,60,EMP0352,,214,88.49,http://certificates.com/214
215,7,2021-09-04,In Progress,,2024-10-14,21,EMP0756,1.0,215,89.71,http://certificates.com/215
216,43,2020-02-29,Completed,2022-12-31,2024-10-14,57,EMP0135,4.0,216,74.74,
217,26,2022-04-28,In Progress,,2024-10-14,48,EMP0398,,217,96.32,http://certificates.com/217
218,42,2021-05-01,Completed,2024-06-25,2024-10-14,73,EMP0500,5.0,218,96.52,http://certificates.com/218
219,35,2020-06-14,In Progress,,2024-10-14,18,EMP0274,,219,97.68,http://certificates.com/219
220,20,2023-06-18,Completed,2024-09-23,2024-10-14,68,EMP0665,4.0,220,62.94,http://certificates.com/220
221,31,2020-11-16,In Progress,,2024-10-14,50,EMP0745,,221,83.29,
222,20,2021-12-12,In Progress,,2024-10-14,24,EMP0221,,222,63.47,
223,28,2024-10-11,In Progress,,2024-10-14,37,EMP0957,,223,88.24,
224,31,2021-08-18,Completed,2023-12-16,2024-10-14,60,EMP0370,7.0,224,86.28,http://certificates.com/224
225,8,2020-06-11,Completed,2020-08-26,2024-10-14,96,EMP0622,10.0,225,60.79,http://certificates.com/225
226,5,2024-07-19,In Progress,,2024-10-14,37,EMP0742,4.0,226,97.96,http://certificates.com/226
227,21,2023-03-12,Completed,2023-11-23,2024-10-14,93,EMP0641,,227,81.92,http://certificates.com/227
228,20,2023-05-08,In Progress,,2024-10-14,5,EMP0855,,228,73.93,
229,45,2023-04-29,In Progress,,2024-10-14,43,EMP0467,,229,81.64,
230,29,2020-07-07,In Progress,,2024-10-14,33,EMP0470,9.0,230,72.85,http://certificates.com/230
231,2,2023-09-24,Completed,2024-06-04,2024-10-14,59,EMP0705,,231,84.15,
232,39,2020-04-09,In Progress,,2024-10-14,38,EMP0121,,232,60.25,
233,34,2020-08-05,Completed,2022-07-29,2024-10-14,53,EMP0133,5.0,233,79.4,
234,19,2022-10-10,Completed,2023-01-22,2024-10-14,59,EMP0039,10.0,234,89.0,http://certificates.com/234
235,40,2024-07-15,In Progress,,2024-10-14,28,EMP0062,2.0,235,66.07,
236,50,2023-03-25,In Progress,,2024-10-14,25,EMP0972,,236,76.33,http://certificates.com/236
237,1,2022-01-03,In Progress,,2024-10-14,44,EMP0471,,237,65.53,http://certificates.com/237
238,5,2023-10-18,Completed,2024-09-27,2024-10-14,62,EMP0142,,238,81.82,http://certificates.com/238
239,29,2024-05-07,In Progress,,2024-10-14,9,EMP0315,,239,61.19,
240,27,2024-05-11,In Progress,,2024-10-14,40,EMP0701,,240,81.95,http://certificates.com/240
241,9,2020-02-27,In Progress,,2024-10-14,9,EMP0142,,241,74.36,http://certificates.com/241
242,13,2022-02-10,Completed,2024-05-25,2024-10-14,91,EMP0800,7.0,242,60.48,http://certificates.com/242
243,8,2023-12-31,Completed,2024-06-23,2024-10-14,54,EMP0409,4.0,243,70.47,http://certificates.com/243
244,14,2020-07-30,Completed,2023-04-26,2024-10-14,86,EMP0513,,244,92.36,http://certificates.com/244
245,37,2023-07-13,Completed,2024-04-29,2024-10-14,84,EMP0027,1.0,245,60.42,
246,39,2020-11-26,In Progress,,2024-10-14,6,EMP0197,3.0,246,99.46,
247,23,2021-06-07,Completed,2022-12-03,2024-10-14,99,EMP0399,6.0,247,87.04,
248,3,2022-02-14,In Progress,,2024-10-14,20,EMP0047,,248,60.6,
249,2,2021-09-08,In Progress,,2024-10-14,28,EMP0587,1.0,249,87.29,
250,14,2023-11-16,In Progress,,2024-10-14,0,EMP0534,,250,73.43,
251,31,2022-06-07,In Progress,,2024-10-14,0,EMP0970,,251,69.39,
252,44,2020-07-02,In Progress,,2024-10-14,5,EMP0771,,252,74.46,http://certificates.com/252
253,40,2022-10-21,In Progress,,2024-10-14,23,EMP0447,,253,79.94,http://certificates.com/253
254,5,2023-01-15,In Progress,,2024-10-14,47,EMP0016,10.0,254,83.31,
255,16,2020-10-25,Completed,2023-03-28,2024-10-14,52,EMP0319,10.0,255,62.52,http://certificates.com/255
256,11,2021-01-31,In Progress,,2024-10-14,28,EMP0529,9.0,256,88.12,
257,19,2020-11-03,Completed,2023-09-13,2024-10-14,54,EMP0804,,257,99.43,http://certificates.com/257
258,10,2024-07-13,Completed,2024-08-11,2024-10-14,53,EMP0559,,258,73.15,http://certificates.com/258
259,16,2022-05-22,In Progress,,2024-10-14,14,EMP0014,10.0,259,72.78,
260,32,2024-05-08,Completed,2024-05-24,2024-10-14,99,EMP0533,,260,69.95,http://certificates.com/260
261,9,2021-01-19,In Progress,,2024-10-14,35,EMP0909,,261,67.45,http://certificates.com/261
262,37,2023-05-05,In Progress,,2024-10-14,18,EMP0639,3.0,262,99.79,http://certificates.com/262
263,14,2024-01-06,In Progress,,2024-10-14,39,EMP0595,1.0,263,61.41,
264,26,2024-06-13,In Progress,,2024-10-14,1,EMP0266,,264,70.17,http://certificates.com/264
265,43,2019-10-15,In Progress,,2024-10-14,13,EMP0120,,265,83.29,
266,40,2020-06-09,Completed,2022-01-29,2024-10-14,94,EMP0736,5.0,266,61.3,http://certificates.com/266
267,16,2023-10-31,Completed,2024-06-30,2024-10-14,59,EMP0115,3.0,267,76.91,http://certificates.com/267
268,40,2023-12-03,Completed,2024-01-04,2024-10-14,53,EMP0435,,268,90.84,
269,16,2019-12-20,Completed,2024-09-27,2024-10-14,81,EMP0255,8.0,269,71.44,
270,20,2019-11-13,In Progress,,2024-10-14,5,EMP0048,1.0,270,90.49,
271,9,2022-05-15,In Progress,,2024-10-14,25,EMP0026,,271,74.09,
272,49,2022-12-06,In Progress,,2024-10-14,24,EMP0357,,272,82.73,http://certificates.com/272
273,43,2022-07-23,In Progress,,2024-10-14,47,EMP0001,1.0,273,87.35,
274,7,2021-02-22,Completed,2021-12-22,2024-10-14,95,EMP0659,,274,68.72,
275,11,2023-04-29,In Progress,,2024-10-14,24,EMP0774,,275,84.71,
276,43,2024-05-07,In Progress,,2024-10-14,28,EMP0068,7.0,276,73.83,http://certificates.com/276
277,26,2020-08-03,Completed,2022-11-12,2024-10-14,83,EMP0673,,277,92.67,http://certificates.com/277
278,21,2023-11-14,Completed,2024-08-23,2024-10-14,50,EMP0841,9.0,278,61.72,
279,17,2020-09-08,In Progress,,2024-10-14,31,EMP0977,,279,98.2,http://certificates.com/279
280,4,2024-01-05,Completed,2024-06-18,2024-10-14,92,EMP0949,,280,93.36,
281,18,2021-11-17,In Progress,,2024-10-14,40,EMP0891,,281,93.81,http://certificates.com/281
282,45,2023-09-30,Completed,2024-01-15,2024-10-14,52,EMP0453,,282,68.24,
283,43,2020-06-02,In Progress,,2024-10-14,27,EMP0010,,283,66.97,http://certificates.com/283
284,42,2024-08-02,In Progress,,2024-10-14,15,EMP0891,9.0,284,89.31,http://certificates.com/284
285,35,2021-05-21,In Progress,,2024-10-14,9,EMP0754,5.0,285,77.6,http://certificates.com/285
286,44,2020-08-28,In Progress,,2024-10-14,34,EMP0097,1.0,286,88.47,http://certificates.com/286
287,42,2024-06-30,Completed,2024-09-20,2024-10-14,88,EMP0803,4.0,287,85.91,
288,29,2023-03-29,In Progress,,2024-10-14,2,EMP0761,7.0,288,70.94,http://certificates.com/288
289,24,2024-07-01,In Progress,,2024-10-14,6,EMP0399,10.0,289,82.77,http://certificates.com/289
290,16,2023-07-20,Completed,2024-03-06,2024-10-14,68,EMP0006,,290,65.0,
291,44,2019-10-30,Completed,2024-04-07,2024-10-14,65,EMP0877,,291,60.05,http://certificates.com/291
292,15,2021-07-11,Completed,2022-11-14,2024-10-14,84,EMP0063,10.0,292,64.72,
293,16,2022-08-23,In Progress,,2024-10-14,20,EMP0159,,293,90.97,
294,44,2020-08-29,Completed,2021-01-19,2024-10-14,71,EMP0111,,294,83.14,http://certificates.com/294
295,4,2023-09-01,In Progress,,2024-10-14,15,EMP0986,,295,67.93,
296,22,2023-07-19,Completed,2024-05-16,2024-10-14,55,EMP0579,6.0,296,79.25,http://certificates.com/296
297,36,2022-03-07,In Progress,,2024-10-14,32,EMP0487,,297,73.86,
298,15,2024-06-25,Completed,2024-10-04,2024-10-14,81,EMP0991,10.0,298,74.47,
299,3,2020-01-15,In Progress,,2024-10-14,48,EMP0776,,299,97.14,
300,6,2021-09-22,In Progress,,2024-10-14,46,EMP0243,1.0,300,63.07,http://certificates.com/300
301,13,2021-11-18,Completed,2023-11-14,2024-10-14,70,EMP0169,2.0,301,72.99,
302,2,2021-05-20,Completed,2023-10-14,2024-10-14,88,EMP0935,4.0,302,78.87,
303,4,2023-07-17,In Progress,,2024-10-14,9,EMP0971,6.0,303,72.77,
304,40,2021-04-11,In Progress,,2024-10-14,5,EMP0462,10.0,304,68.1,http://certificates.com/304
305,39,2022-01-02,In Progress,,2024-10-14,5,EMP0652,1.0,305,80.91,
306,12,2022-11-19,In Progress,,2024-10-14,36,EMP0032,,306,86.35,http://certificates.com/306
307,28,2020-03-23,Completed,2021-09-03,2024-10-14,59,EMP0299,1.0,307,62.79,http://certificates.com/307
308,21,2021-11-18,In Progress,,2024-10-14,36,EMP0111,4.0,308,69.56,http://certificates.com/308
309,47,2021-05-07,In Progress,,2024-10-14,13,EMP0245,6.0,309,84.2,http://certificates.com/309
310,10,2020-03-25,Completed,2020-10-14,2024-10-14,57,EMP0108,7.0,310,95.92,
311,24,2020-06-30,In Progress,,2024-10-14,50,EMP0782,,311,90.84,
312,1,2024-07-14,Completed,2024-09-06,2024-10-14,100,EMP0766,2.0,312,83.16,
313,9,2024-02-28,Completed,2024-09-26,2024-10-14,86,EMP0956,8.0,313,98.83,http://certificates.com/313
314,36,2021-11-07,In Progress,,2024-10-14,45,EMP0515,,314,73.82,http://certificates.com/314
315,26,2021-08-22,In Progress,,2024-10-14,4,EMP0873,,315,81.89,
316,16,2024-03-30,In Progress,,2024-10-14,29,EMP0336,3.0,316,60.9,http://certificates.com/316
317,2,2024-09-14,Completed,2024-09-17,2024-10-14,90,EMP0091,4.0,317,78.66,
318,43,2024-01-15,In Progress,,2024-10-14,3,EMP0338,6.0,318,93.62,http://certificates.com/318
319,27,2023-03-28,In Progress,,2024-10-14,17,EMP0251,,319,79.26,
320,36,2020-05-14,Completed,2023-03-16,2024-10-14,60,EMP0180,8.0,320,96.87,http://certificates.com/320
321,20,2024-06-16,In Progress,,2024-10-14,38,EMP0346,,321,65.55,http://certificates.com/321
322,5,2020-04-25,In Progress,,2024-10-14,47,EMP0871,7.0,322,69.87,
323,39,2021-07-28,Completed,2024-02-27,2024-10-14,94,EMP0198,,323,93.15,
324,9,2022-02-04,Completed,2023-08-24,2024-10-14,70,EMP0364,7.0,324,88.12,
325,33,2023-02-20,Completed,2024-03-11,2024-10-14,96,EMP0129,,325,80.77,http://certificates.com/325
326,14,2019-11-09,Completed,2024-01-17,2024-10-14,76,EMP0523,5.0,326,77.16,
327,1,2019-11-06,In Progress,,2024-10-14,29,EMP0213,,327,83.12,
328,48,2024-01-02,In Progress,,2024-10-14,15,EMP0484,,328,86.68,
329,17,2024-01-05,In Progress,,2024-10-14,28,EMP0403,,329,69.49,
330,8,2019-10-14,In Progress,,2024-10-14,11,EMP0754,2.0,330,70.91,
331,40,2024-07-01,Completed,2024-08-24,2024-10-14,64,EMP0953,4.0,331,66.92,http://certificates.com/331
332,46,2023-09-29,In Progress,,2024-10-14,9,EMP0992,1.0,332,85.79,
333,38,2022-06-19,In Progress,,2024-10-14,43,EMP0692,3.0,333,93.73,http://certificates.com/333
334,14,2023-02-22,Completed,2024-07-08,2024-10-14,74,EMP0593,2.0,334,62.93,
335,21,2024-01-09,Completed,2024-09-01,2024-10-14,55,EMP0307,9.0,335,65.14,http://certificates.com/335
336,10,2020-12-17,Completed,2021-07-10,2024-10-14,89,EMP0928,2.0,336,86.04,http://certificates.com/336
337,10,2022-01-25,In Progress,,2024-10-14,39,EMP0755,10.0,337,81.32,
338,32,2020-03-01,In Progress,,2024-10-14,22,EMP0084,3.0,338,92.19,
339,5,2023-09-06,Completed,2023-09-15,2024-10-14,92,EMP0675,,339,62.14,
340,14,2024-10-02,In Progress,,2024-10-14,18,EMP0505,2.0,340,89.03,
341,4,2022-05-27,In Progress,,2024-10-14,11,EMP0507,3.0,341,63.76,
342,49,2022-08-29,Completed,2022-09-17,2024-10-14,95,EMP0623,9.0,342,69.03,
343,46,2023-01-29,Completed,2023-12-06,2024-10-14,54,EMP0672,,343,92.85,http://certificates.com/343
344,39,2023-10-19,In Progress,,2024-10-14,1,EMP0247,3.0,344,71.55,http://certificates.com/344
345,25,2020-12-02,In Progress,,2024-10-14,25,EMP0524,,345,70.74,
346,33,2023-01-05,In Progress,,2024-10-14,11,EMP0176,8.0,346,85.53,
347,23,2023-03-27,In Progress,,2024-10-14,40,EMP0105,1.0,347,74.6,http://certificates.com/347
348,15,2021-07-28,In Progress,,2024-10-14,31,EMP0699,,348,96.5,http://certificates.com/348
349,32,2023-07-31,Completed,2024-03-05,2024-10-14,98,EMP0673,1.0,349,70.91,http://certificates.com/349
350,36,2024-07-04,Completed,2024-10-04,2024-10-14,63,EMP0143,,350,98.25,http://certificates.com/350
351,8,2019-11-18,In Progress,,2024-10-14,28,EMP0333,,351,81.15,
352,50,2024-06-30,In Progress,,2024-10-14,3,EMP0744,,352,88.59,http://certificates.com/352
353,25,2023-09-15,In Progress,,2024-10-14,18,EMP0816,1.0,353,63.34,http://certificates.com/353
354,20,2023-05-01,Completed,2024-07-23,2024-10-14,78,EMP0579,,354,68.31,http://certificates.com/354
355,49,2024-03-15,In Progress,,2024-10-14,10,EMP0268,5.0,355,65.56,http://certificates.com/355
356,37,2021-09-08,In Progress,,2024-10-14,38,EMP0238,,356,93.03,
357,36,2019-10-26,In Progress,,2024-10-14,7,EMP0899,,357,79.31,
358,6,2023-06-26,In Progress,,2024-10-14,6,EMP0386,,358,61.01,http://certificates.com/358
359,23,2024-05-13,Completed,2024-08-10,2024-10-14,91,EMP0422,7.0,359,91.1,http://certificates.com/359
360,16,2022-08-18,Completed,2024-08-04,2024-10-14,80,EMP0181,8.0,360,86.71,
361,16,2020-07-12,Completed,2022-08-01,2024-10-14,60,EMP0038,2.0,361,71.22,
362,26,2023-09-23,In Progress,,2024-10-14,32,EMP0167,6.0,362,71.67,
363,26,2021-03-10,In Progress,,2024-10-14,10,EMP0012,,363,84.91,http://certificates.com/363
364,25,2021-06-23,In Progress,,2024-10-14,15,EMP0114,,364,84.77,
365,16,2021-03-23,Completed,2023-02-13,2024-10-14,70,EMP0882,7.0,365,92.83,http://certificates.com/365
366,43,2022-05-09,In Progress,,2024-10-14,23,EMP0503,,366,87.6,http://certificates.com/366
367,21,2024-08-02,Completed,2024-09-24,2024-10-14,50,EMP0725,,367,73.79,
368,39,2024-08-28,In Progress,,2024-10-14,39,EMP0128,2.0,368,94.37,
369,8,2022-08-22,Completed,2024-03-29,2024-10-14,70,EMP0417,,369,85.33,
370,26,2023-11-11,Completed,2024-07-24,2024-10-14,55,EMP0225,5.0,370,82.13,http://certificates.com/370
371,10,2021-05-08,Completed,2024-10-01,2024-10-14,67,EMP0039,,371,74.01,http://certificates.com/371
372,3,2021-02-18,Completed,2024-02-29,2024-10-14,69,EMP0536,,372,74.23,
373,15,2023-02-26,In Progress,,2024-10-14,12,EMP0731,10.0,373,76.62,http://certificates.com/373
374,33,2024-03-29,Completed,2024-05-22,2024-10-14,99,EMP0616,,374,60.49,
375,4,2024-01-23,In Progress,,2024-10-14,30,EMP0065,,375,99.07,http://certificates.com/375
376,11,2020-07-20,Completed,2022-04-15,2024-10-14,95,EMP0561,,376,90.56,http://certificates.com/376
377,19,2021-08-27,Completed,2023-07-17,2024-10-14,51,EMP0260,,377,98.03,
378,1,2020-03-05,Completed,2024-07-10,2024-10-14,51,EMP0290,7.0,378,95.98,http://certificates.com/378
379,43,2023-10-17,In Progress,,2024-10-14,26,EMP0384,,379,66.35,http://certificates.com/379
380,27,2022-07-26,Completed,2023-05-17,2024-10-14,97,EMP0406,,380,89.02,http://certificates.com/380
381,2,2022-04-13,Completed,2023-04-24,2024-10-14,75,EMP0821,8.0,381,79.56,http://certificates.com/381
382,24,2022-05-23,Completed,2023-06-21,2024-10-14,90,EMP0689,,382,98.27,
383,12,2024-02-05,Completed,2024-08-26,2024-10-14,62,EMP0998,3.0,383,84.52,
384,39,2023-12-15,Completed,2024-05-06,2024-10-14,91,EMP0923,5.0,384,75.24,http://certificates.com/384
385,6,2023-05-23,Completed,2023-12-06,2024-10-14,86,EMP0586,,385,80.68,
386,50,2024-08-19,In Progress,,2024-10-14,32,EMP0497,,386,80.88,
387,44,2022-06-14,Completed,2024-06-14,2024-10-14,65,EMP0069,6.0,387,70.48,http://certificates.com/387
388,19,2021-03-29,In Progress,,2024-10-14,18,EMP0610,2.0,388,90.89,http://certificates.com/388
389,2,2024-06-15,In Progress,,2024-10-14,17,EMP0717,2.0,389,90.58,http://certificates.com/389
390,22,2020-06-02,Completed,2021-07-09,2024-10-14,96,EMP0523,,390,99.51,http://certificates.com/390
391,38,2021-10-13,In Progress,,2024-10-14,35,EMP0700,7.0,391,80.25,
392,20,2021-04-16,Completed,2024-09-18,2024-10-14,69,EMP0387,1.0,392,93.72,http://certificates.com/392
393,12,2024-09-23,In Progress,,2024-10-14,19,EMP0740,4.0,393,65.15,
394,38,2020-09-19,Completed,2022-06-13,2024-10-14,91,EMP0105,8.0,394,95.23,
395,10,2020-07-12,Completed,2023-08-21,2024-10-14,83,EMP0124,10.0,395,72.08,http://certificates.com/395
396,35,2021-11-03,Completed,2024-02-21,2024-10-14,92,EMP0611,,396,64.53,
397,40,2020-04-14,In Progress,,2024-10-14,13,EMP0807,,397,67.22,http://certificates.com/397
398,4,2021-05-27,In Progress,,2024-10-14,40,EMP0022,9.0,398,83.03,
399,31,2020-09-06,Completed,2021-02-20,2024-10-14,84,EMP0168,1.0,399,62.84,http://certificates.com/399
400,41,2022-01-26,Completed,2023-06-17,2024-10-14,59,EMP0758,,400,79.76,
401,25,2023-08-19,Completed,2024-10-02,2024-10-14,72,EMP0248,,401,68.23,http://certificates.com/401
402,24,2023-04-16,In Progress,,2024-10-14,14,EMP0047,,402,99.73,http://certificates.com/402
403,8,2021-04-02,In Progress,,2024-10-14,6,EMP0675,8.0,403,67.97,
404,28,2020-11-12,In Progress,,2024-10-14,2,EMP0034,10.0,404,91.18,
405,25,2021-01-13,In Progress,,2024-10-14,13,EMP0542,8.0,405,67.7,http://certificates.com/405
406,7,2020-05-25,In Progress,,2024-10-14,24,EMP0266,10.0,406,95.21,
407,41,2022-06-18,In Progress,,2024-10-14,36,EMP0775,,407,88.19,
408,38,2021-09-26,Completed,2024-05-17,2024-10-14,54,EMP0065,2.0,408,82.6,http://certificates.com/408
409,9,2024-03-07,Completed,2024-06-02,2024-10-14,55,EMP0961,,409,84.82,
410,44,2021-09-08,In Progress,,2024-10-14,49,EMP0903,2.0,410,65.07,http://certificates.com/410
411,48,2023-12-03,In Progress,,2024-10-14,15,EMP0926,8.0,411,88.58,
412,46,2024-03-30,In Progress,,2024-10-14,35,EMP0738,6.0,412,89.41,http://certificates.com/412
413,44,2024-01-31,In Progress,,2024-10-14,35,EMP0460,,413,80.95,http://certificates.com/413
414,23,2023-06-21,In Progress,,2024-10-14,8,EMP0792,10.0,414,69.12,http://certificates.com/414
415,34,2024-04-28,Completed,2024-09-07,2024-10-14,89,EMP0290,,415,65.75,
416,23,2022-06-13,In Progress,,2024-10-14,35,EMP0326,9.0,416,65.41,http://certificates.com/416
417,20,2021-11-12,Completed,2024-07-24,2024-10-14,95,EMP0094,,417,67.43,http://certificates.com/417
418,6,2024-08-24,In Progress,,2024-10-14,10,EMP0823,,418,78.77,
419,28,2022-07-01,Completed,2022-12-13,2024-10-14,80,EMP0046,,419,92.06,
420,17,2022-06-30,Completed,2023-12-03,2024-10-14,61,EMP0367,1.0,420,77.27,http://certificates.com/420
421,46,2023-08-08,Completed,2024-06-30,2024-10-14,97,EMP0884,,421,91.47,http://certificates.com/421
422,33,2022-10-10,In Progress,,2024-10-14,11,EMP0555,3.0,422,80.16,http://certificates.com/422
423,21,2024-10-03,Completed,2024-10-09,2024-10-14,98,EMP0939,,423,70.18,
424,46,2021-12-24,In Progress,,2024-10-14,17,EMP0005,,424,92.27,
425,6,2022-07-20,Completed,2022-09-12,2024-10-14,58,EMP0466,,425,78.9,http://certificates.com/425
426,11,2019-11-25,In Progress,,2024-10-14,4,EMP0477,,426,99.0,http://certificates.com/426
427,2,2024-10-12,In Progress,,2024-10-14,7,EMP0209,4.0,427,70.84,
428,1,2020-09-29,Completed,2021-10-31,2024-10-14,79,EMP0228,,428,72.98,http://certificates.com/428
429,28,2023-02-05,In Progress,,2024-10-14,12,EMP0181,,429,67.97,
430,49,2020-01-28,In Progress,,2024-10-14,49,EMP0545,,430,81.77,http://certificates.com/430
431,20,2021-10-08,Completed,2024-05-14,2024-10-14,86,EMP0518,1.0,431,62.34,
432,10,2021-10-02,In Progress,,2024-10-14,8,EMP0660,4.0,432,90.87,http://certificates.com/432
433,2,2023-10-06,In Progress,,2024-10-14,20,EMP0114,9.0,433,92.65,http://certificates.com/433
434,4,2023-10-06,Completed,2023-12-06,2024-10-14,50,EMP0844,6.0,434,67.72,
435,40,2020-07-05,In Progress,,2024-10-14,7,EMP0603,3.0,435,88.54,http://certificates.com/435
436,50,2022-04-20,Completed,2024-04-29,2024-10-14,73,EMP0866,,436,87.54,
437,1,2023-07-11,Completed,2024-02-05,2024-10-14,57,EMP0963,,437,64.43,http://certificates.com/437
438,36,2021-10-16,In Progress,,2024-10-14,32,EMP0967,,438,93.99,http://certificates.com/438
439,35,2021-04-04,Completed,2023-01-12,2024-10-14,61,EMP0148,,439,86.47,http://certificates.com/439
440,46,2024-01-26,In Progress,,2024-10-14,41,EMP0502,,440,96.8,http://certificates.com/440
441,36,2022-09-29,Completed,2023-06-07,2024-10-14,52,EMP0964,8.0,441,87.66,
442,34,2022-08-28,In Progress,,2024-10-14,40,EMP0025,,442,98.23,
443,6,2023-08-01,Completed,2023-08-21,2024-10-14,65,EMP0759,,443,75.64,
444,36,2020-10-25,In Progress,,2024-10-14,49,EMP0326,,444,81.08,http://certificates.com/444
445,48,2024-03-22,In Progress,,2024-10-14,40,EMP0142,,445,77.97,http://certificates.com/445
446,37,2022-11-29,Completed,2023-01-06,2024-10-14,79,EMP0839,,446,72.07,
447,24,2022-12-28,Completed,2024-05-17,2024-10-14,77,EMP0506,,447,70.36,
448,13,2021-01-12,Completed,2024-02-08,2024-10-14,93,EMP0039,,448,86.95,
449,32,2022-02-05,Completed,2024-08-13,2024-10-14,60,EMP0522,,449,69.99,
450,4,2024-02-20,Completed,2024-08-10,2024-10-14,76,EMP0005,7.0,450,73.12,
451,8,2024-02-26,Completed,2024-07-14,2024-10-14,73,EMP0477,,451,88.74,http://certificates.com/451
452,47,2022-11-04,In Progress,,2024-10-14,26,EMP0463,,452,87.65,http://certificates.com/452
453,44,2024-06-03,In Progress,,2024-10-14,19,EMP0939,,453,82.65,
454,27,2020-02-25,In Progress,,2024-10-14,7,EMP0731,8.0,454,62.31,
455,9,2021-05-10,In Progress,,2024-10-14,20,EMP0462,,455,76.4,
456,31,2019-10-19,Completed,2022-09-25,2024-10-14,98,EMP0749,,456,92.42,
457,16,2021-01-28,Completed,2021-05-17,2024-10-14,96,EMP0772,8.0,457,72.01,
458,47,2022-09-11,Completed,2023-11-26,2024-10-14,61,EMP0325,9.0,458,74.67,http://certificates.com/458
459,3,2019-11-10,Completed,2020-09-20,2024-10-14,58,EMP0830,10.0,459,83.02,
460,27,2024-08-03,In Progress,,2024-10-14,12,EMP0548,,460,87.75,
461,23,2024-06-26,Completed,2024-08-01,2024-10-14,81,EMP0418,3.0,461,97.78,http://certificates.com/461
462,46,2022-05-10,In Progress,,2024-10-14,39,EMP0967,6.0,462,75.99,
463,25,2020-07-14,In Progress,,2024-10-14,3,EMP0259,,463,92.22,
464,6,2019-12-25,Completed,2024-09-06,2024-10-14,83,EMP0312,,464,91.72,
465,1,2020-12-22,In Progress,,2024-10-14,31,EMP0074,,465,82.04,
466,44,2022-07-17,Completed,2024-05-21,2024-10-14,94,EMP0199,,466,93.9,http://certificates.com/466
467,16,2024-07-29,In Progress,,2024-10-14,50,EMP0085,,467,85.69,
468,28,2023-07-04,Completed,2024-04-13,2024-10-14,74,EMP0784,2.0,468,94.29,http://certificates.com/468
469,45,2024-09-25,Completed,2024-10-02,2024-10-14,78,EMP0039,,469,79.97,
470,47,2019-10-31,Completed,2024-09-12,2024-10-14,70,EMP0535,5.0,470,64.65,
471,12,2021-07-13,In Progress,,2024-10-14,29,EMP0192,,471,96.68,
472,10,2020-11-26,Completed,2022-01-09,2024-10-14,71,EMP0984,1.0,472,68.16,http://certificates.com/472
473,49,2022-09-15,Completed,2024-05-26,2024-10-14,91,EMP0985,,473,73.26,http://certificates.com/473
474,39,2023-07-18,In Progress,,2024-10-14,18,EMP0155,,474,77.53,
475,42,2020-08-11,In Progress,,2024-10-14,11,EMP0132,,475,78.7,
476,4,2022-02-05,In Progress,,2024-10-14,35,EMP0949,,476,64.87,http://certificates.com/476
477,14,2019-12-15,Completed,2024-10-01,2024-10-14,53,EMP0641,6.0,477,66.75,
478,12,2024-08-16,Completed,2024-10-12,2024-10-14,88,EMP0306,3.0,478,65.18,http://certificates.com/478
479,3,2023-01-20,In Progress,,2024-10-14,3,EMP0674,3.0,479,70.05,http://certificates.com/479
480,40,2020-01-10,Completed,2021-06-02,2024-10-14,54,EMP0293,5.0,480,94.08,
481,3,2024-05-14,Completed,2024-07-13,2024-10-14,75,EMP0532,,481,90.38,
482,7,2022-10-15,Completed,2024-09-26,2024-10-14,73,EMP0966,,482,63.22,
483,3,2021-07-29,In Progress,,2024-10-14,12,EMP0129,1.0,483,90.66,http://certificates.com/483
484,31,2024-07-11,In Progress,,2024-10-14,7,EMP0904,1.0,484,66.62,http://certificates.com/484
485,39,2023-12-30,In Progress,,2024-10-14,24,EMP0933,10.0,485,84.4,http://certificates.com/485
486,5,2022-04-18,Completed,2024-06-03,2024-10-14,80,EMP0531,4.0,486,87.34,http://certificates.com/486
487,16,2023-05-20,Completed,2024-10-09,2024-10-14,77,EMP0861,8.0,487,83.18,http://certificates.com/487
488,32,2019-11-09,In Progress,,2024-10-14,12,EMP0009,,488,62.35,
489,24,2020-09-05,Completed,2022-12-12,2024-10-14,84,EMP0527,,489,99.6,
490,6,2022-02-16,Completed,2022-04-03,2024-10-14,85,EMP0508,,490,98.72,http://certificates.com/490
491,33,2020-02-17,In Progress,,2024-10-14,24,EMP0510,,491,62.48,
492,40,2024-01-01,Completed,2024-08-24,2024-10-14,62,EMP0120,4.0,492,61.43,http://certificates.com/492
493,38,2023-02-06,In Progress,,2024-10-14,47,EMP0691,10.0,493,92.52,
494,46,2020-06-11,In Progress,,2024-10-14,38,EMP0706,,494,88.13,http://certificates.com/494
495,3,2022-11-29,In Progress,,2024-10-14,43,EMP0005,,495,80.75,http://certificates.com/495
496,47,2021-06-17,Completed,2022-11-07,2024-10-14,55,EMP0687,,496,77.23,http://certificates.com/496
497,24,2023-04-06,In Progress,,2024-10-14,27,EMP0246,8.0,497,68.27,
498,6,2023-04-20,Completed,2023-10-15,2024-10-14,74,EMP0822,6.0,498,73.58,http://certificates.com/498
499,15,2023-01-19,Completed,2023-02-06,2024-10-14,66,EMP0722,2.0,499,75.54,
500,5,2020-06-27,Completed,2023-03-29,2024-10-14,67,EMP0508,2.0,500,67.94,http://certificates.com/500
501,23,2023-07-09,In Progress,,2024-10-14,7,EMP0337,,501,98.36,
502,3,2021-12-27,Completed,2024-04-11,2024-10-14,67,EMP0353,6.0,502,86.94,
503,34,2023-01-27,Completed,2023-12-25,2024-10-14,98,EMP0400,8.0,503,79.65,
504,24,2020-02-29,In Progress,,2024-10-14,1,EMP0574,,504,65.14,
505,34,2022-08-06,In Progress,,2024-10-14,9,EMP0006,7.0,505,82.67,
506,40,2023-11-07,In Progress,,2024-10-14,11,EMP0132,10.0,506,68.83,http://certificates.com/506
507,24,2022-06-28,Completed,2024-06-01,2024-10-14,51,EMP0891,,507,90.27,
508,10,2022-07-04,Completed,2023-06-12,2024-10-14,70,EMP0050,,508,85.52,
509,28,2021-11-07,Completed,2022-01-25,2024-10-14,87,EMP0501,2.0,509,75.33,
510,45,2020-06-10,In Progress,,2024-10-14,33,EMP0593,4.0,510,83.41,
511,45,2021-01-06,In Progress,,2024-10-14,48,EMP0875,,511,92.53,http://certificates.com/511
512,26,2022-03-31,Completed,2023-10-24,2024-10-14,58,EMP0964,,512,82.83,
513,22,2020-08-13,In Progress,,2024-10-14,33,EMP0502,4.0,513,76.03,http://certificates.com/513
514,23,2019-12-18,In Progress,,2024-10-14,9,EMP0499,4.0,514,79.06,http://certificates.com/514
515,12,2023-03-02,Completed,2024-08-21,2024-10-14,54,EMP0585,9.0,515,77.78,http://certificates.com/515
516,48,2024-02-07,In Progress,,2024-10-14,7,EMP0497,6.0,516,98.42,http://certificates.com/516
517,38,2022-10-06,Completed,2024-02-28,2024-10-14,86,EMP0907,,517,81.55,
518,16,2021-12-11,In Progress,,2024-10-14,35,EMP0191,4.0,518,62.77,http://certificates.com/518
519,23,2023-04-17,Completed,2024-08-24,2024-10-14,65,EMP0490,,519,69.16,
520,47,2024-05-13,Completed,2024-06-17,2024-10-14,61,EMP0095,4.0,520,77.41,http://certificates.com/520
521,22,2022-12-31,In Progress,,2024-10-14,15,EMP0114,7.0,521,99.45,
522,17,2021-12-08,In Progress,,2024-10-14,21,EMP0814,5.0,522,85.67,http://certificates.com/522
523,26,2024-06-01,Completed,2024-10-01,2024-10-14,77,EMP0032,6.0,523,81.53,http://certificates.com/523
524,44,2020-02-23,In Progress,,2024-10-14,42,EMP0627,9.0,524,77.77,http://certificates.com/524
525,24,2024-01-22,Completed,2024-07-03,2024-10-14,50,EMP0794,3.0,525,76.09,
526,39,2023-11-23,In Progress,,2024-10-14,38,EMP0811,,526,77.94,
527,17,2022-11-15,In Progress,,2024-10-14,10,EMP0890,5.0,527,60.82,http://certificates.com/527
528,4,2022-07-20,Completed,2023-11-15,2024-10-14,100,EMP0871,10.0,528,69.42,http://certificates.com/528
529,39,2021-07-25,Completed,2022-12-07,2024-10-14,63,EMP0932,5.0,529,95.65,
530,10,2020-11-26,In Progress,,2024-10-14,18,EMP0034,,530,85.58,
531,9,2020-02-01,Completed,2022-07-15,2024-10-14,52,EMP0415,8.0,531,65.86,http://certificates.com/531
532,10,2023-09-12,In Progress,,2024-10-14,39,EMP0043,,532,88.68,
533,24,2020-05-30,Completed,2024-01-05,2024-10-14,100,EMP0866,10.0,533,60.21,http://certificates.com/533
534,45,2020-10-18,Completed,2022-08-24,2024-10-14,72,EMP0908,,534,93.54,
535,28,2022-06-02,Completed,2024-06-07,2024-10-14,67,EMP0564,9.0,535,61.96,
536,42,2024-06-04,In Progress,,2024-10-14,8,EMP0724,2.0,536,86.37,http://certificates.com/536
537,33,2024-03-31,Completed,2024-09-14,2024-10-14,85,EMP0345,,537,95.96,
538,16,2021-02-04,Completed,2024-03-15,2024-10-14,79,EMP0531,,538,75.03,
539,4,2019-11-29,In Progress,,2024-10-14,20,EMP0503,10.0,539,80.92,http://certificates.com/539
540,26,2024-02-06,In Progress,,2024-10-14,43,EMP0930,,540,67.07,http://certificates.com/540
541,9,2021-07-19,Completed,2024-01-13,2024-10-14,64,EMP0101,10.0,541,60.07,http://certificates.com/541
542,27,2022-06-07,Completed,2023-03-11,2024-10-14,81,EMP0847,,542,79.06,http://certificates.com/542
543,31,2023-08-25,In Progress,,2024-10-14,0,EMP0684,,543,86.29,
544,37,2023-12-27,Completed,2024-05-27,2024-10-14,67,EMP0373,9.0,544,63.72,
545,32,2022-09-22,Completed,2023-12-03,2024-10-14,59,EMP0282,,545,90.48,
546,38,2020-09-02,Completed,2020-10-30,2024-10-14,72,EMP0392,,546,75.34,
547,44,2021-09-18,In Progress,,2024-10-14,49,EMP0405,2.0,547,92.69,http://certificates.com/547
548,13,2021-11-19,In Progress,,2024-10-14,49,EMP0070,5.0,548,93.45,
549,49,2022-11-27,Completed,2023-06-30,2024-10-14,66,EMP0623,,549,67.88,http://certificates.com/549
550,31,2021-02-04,Completed,2022-02-07,2024-10-14,53,EMP0253,,550,75.38,
551,47,2020-09-03,Completed,2022-12-17,2024-10-14,57,EMP0699,,551,80.42,
552,43,2022-12-13,In Progress,,2024-10-14,26,EMP0289,10.0,552,73.89,http://certificates.com/552
553,3,2020-07-21,Completed,2023-08-21,2024-10-14,75,EMP0536,,553,65.43,
554,29,2023-04-15,In Progress,,2024-10-14,33,EMP0772,5.0,554,60.16,http://certificates.com/554
555,33,2020-09-26,In Progress,,2024-10-14,15,EMP0957,8.0,555,72.84,
556,33,2024-06-04,In Progress,,2024-10-14,21,EMP0700,,556,88.28,
557,5,2023-12-23,Completed,2024-08-28,2024-10-14,59,EMP0330,2.0,557,75.51,
558,14,2023-10-01,In Progress,,2024-10-14,15,EMP0132,2.0,558,91.93,
559,40,2021-10-01,Completed,2024-04-17,2024-10-14,74,EMP0390,2.0,559,94.2,
560,16,2021-01-29,In Progress,,2024-10-14,11,EMP0007,,560,71.29,http://certificates.com/560
561,26,2022-05-07,Completed,2022-12-19,2024-10-14,60,EMP0264,,561,77.73,http://certificates.com/561
562,27,2020-10-30,Completed,2021-08-09,2024-10-14,100,EMP0408,1.0,562,66.11,
563,14,2023-08-22,In Progress,,2024-10-14,7,EMP0679,,563,84.27,
564,3,2021-12-21,In Progress,,2024-10-14,8,EMP0060,9.0,564,68.27,
565,17,2020-06-08,In Progress,,2024-10-14,8,EMP0464,,565,98.38,
566,26,2023-02-17,Completed,2024-03-18,2024-10-14,87,EMP0002,,566,91.55,
567,6,2021-07-10,In Progress,,2024-10-14,12,EMP0468,,567,86.39,http://certificates.com/567
568,22,2020-06-02,In Progress,,2024-10-14,43,EMP0685,3.0,568,98.08,
569,39,2020-07-07,In Progress,,2024-10-14,34,EMP0738,2.0,569,74.29,
570,2,2023-12-26,Completed,2024-03-16,2024-10-14,78,EMP0416,,570,64.83,http://certificates.com/570
571,44,2023-04-25,In Progress,,2024-10-14,33,EMP0632,,571,98.4,
572,13,2020-03-21,Completed,2023-11-21,2024-10-14,54,EMP0351,2.0,572,71.81,http://certificates.com/572
573,43,2023-01-18,Completed,2023-11-07,2024-10-14,87,EMP0667,9.0,573,65.22,
574,43,2022-12-04,Completed,2023-09-17,2024-10-14,92,EMP0329,,574,72.51,http://certificates.com/574
575,28,2021-12-30,Completed,2023-11-19,2024-10-14,71,EMP0151,4.0,575,87.85,http://certificates.com/575
576,33,2020-11-06,In Progress,,2024-10-14,48,EMP0393,7.0,576,93.83,
577,4,2021-10-14,Completed,2024-08-08,2024-10-14,90,EMP0300,7.0,577,99.24,
578,10,2023-12-19,In Progress,,2024-10-14,7,EMP0140,,578,98.11,http://certificates.com/578
579,3,2020-08-13,Completed,2023-06-09,2024-10-14,79,EMP0019,10.0,579,86.16,
580,22,2023-10-23,Completed,2024-01-25,2024-10-14,65,EMP0131,6.0,580,91.76,
581,19,2020-06-22,Completed,2023-03-20,2024-10-14,91,EMP0384,9.0,581,85.04,http://certificates.com/581
582,25,2024-08-16,In Progress,,2024-10-14,10,EMP0481,2.0,582,71.28,
583,23,2022-10-10,Completed,2023-09-30,2024-10-14,53,EMP0213,4.0,583,97.09,http://certificates.com/583
584,25,2024-04-05,Completed,2024-07-20,2024-10-14,73,EMP0276,7.0,584,60.51,http://certificates.com/584
585,34,2024-03-29,In Progress,,2024-10-14,43,EMP0704,,585,61.75,
586,25,2022-04-19,Completed,2024-02-28,2024-10-14,99,EMP0980,5.0,586,70.28,http://certificates.com/586
587,19,2021-06-28,Completed,2022-11-07,2024-10-14,52,EMP0127,2.0,587,95.97,
588,38,2024-03-21,Completed,2024-04-09,2024-10-14,58,EMP0051,6.0,588,99.44,http://certificates.com/588
589,20,2021-12-13,Completed,2022-09-02,2024-10-14,52,EMP0192,,589,90.19,http://certificates.com/589
590,47,2023-05-05,In Progress,,2024-10-14,15,EMP0122,4.0,590,68.75,
591,4,2020-08-31,Completed,2021-06-29,2024-10-14,89,EMP0049,,591,85.4,
592,28,2022-03-14,Completed,2023-10-29,2024-10-14,64,EMP0535,6.0,592,77.23,http://certificates.com/592
593,28,2022-08-02,Completed,2023-02-07,2024-10-14,75,EMP0177,8.0,593,63.83,http://certificates.com/593
594,47,2022-01-11,In Progress,,2024-10-14,2,EMP0337,,594,73.1,
595,11,2023-12-18,In Progress,,2024-10-14,15,EMP0331,,595,98.92,http://certificates.com/595
596,21,2023-05-13,Completed,2023-12-25,2024-10-14,85,EMP0874,,596,78.32,
597,27,2020-01-22,In Progress,,2024-10-14,20,EMP0930,5.0,597,97.37,http://certificates.com/597
598,14,2024-07-22,In Progress,,2024-10-14,19,EMP0560,,598,73.77,
599,32,2020-01-11,In Progress,,2024-10-14,35,EMP0951,,599,89.35,
600,8,2023-05-31,In Progress,,2024-10-14,9,EMP0569,,600,73.37,http://certificates.com/600
601,30,2024-09-21,In Progress,,2024-10-14,20,EMP0594,,601,62.7,
602,40,2019-11-24,In Progress,,2024-10-14,1,EMP0121,5.0,602,90.68,http://certificates.com/602
603,16,2022-07-30,In Progress,,2024-10-14,39,EMP0458,,603,96.67,http://certificates.com/603
604,24,2020-05-08,Completed,2021-04-24,2024-10-14,73,EMP0294,,604,73.83,http://certificates.com/604
605,27,2020-01-07,Completed,2022-07-05,2024-10-14,94,EMP0775,,605,73.32,http://certificates.com/605
606,18,2023-01-19,Completed,2023-04-07,2024-10-14,72,EMP0481,,606,84.49,
607,18,2021-02-25,In Progress,,2024-10-14,20,EMP0575,1.0,607,68.0,
608,13,2023-02-23,In Progress,,2024-10-14,27,EMP0561,3.0,608,63.68,http://certificates.com/608
609,11,2019-11-09,In Progress,,2024-10-14,7,EMP0314,3.0,609,61.52,
610,40,2020-11-28,In Progress,,2024-10-14,44,EMP0472,,610,99.82,http://certificates.com/610
611,5,2023-03-07,In Progress,,2024-10-14,22,EMP0477,,611,74.62,
612,20,2023-04-01,Completed,2024-01-09,2024-10-14,77,EMP0644,2.0,612,80.78,
613,34,2020-01-24,Completed,2022-04-10,2024-10-14,68,EMP0632,3.0,613,84.69,
614,6,2020-06-16,Completed,2020-09-24,2024-10-14,88,EMP0612,10.0,614,88.93,
615,14,2022-01-15,In Progress,,2024-10-14,9,EMP0002,6.0,615,96.44,
616,14,2021-01-05,In Progress,,2024-10-14,43,EMP0091,3.0,616,66.97,
617,21,2023-06-28,In Progress,,2024-10-14,45,EMP0303,6.0,617,82.96,http://certificates.com/617
618,44,2022-09-04,Completed,2023-09-16,2024-10-14,64,EMP0086,8.0,618,65.78,
619,26,2024-03-21,In Progress,,2024-10-14,44,EMP0378,,619,72.56,
620,37,2022-07-04,Completed,2024-01-20,2024-10-14,67,EMP0776,8.0,620,67.36,
621,39,2022-10-14,In Progress,,2024-10-14,34,EMP0861,8.0,621,62.52,
622,39,2024-01-25,In Progress,,2024-10-14,44,EMP0915,,622,84.03,http://certificates.com/622
623,20,2023-01-01,Completed,2023-11-01,2024-10-14,88,EMP0114,9.0,623,93.58,
624,2,2023-10-30,Completed,2024-06-10,2024-10-14,81,EMP0339,,624,95.74,
625,15,2020-10-05,In Progress,,2024-10-14,9,EMP0457,3.0,625,72.37,
626,14,2023-07-23,Completed,2023-12-19,2024-10-14,97,EMP0385,9.0,626,83.01,
627,20,2021-05-20,In Progress,,2024-10-14,31,EMP0408,,627,63.08,http://certificates.com/627
628,40,2024-04-06,Completed,2024-09-12,2024-10-14,92,EMP0418,8.0,628,64.42,http://certificates.com/628
629,12,2023-09-21,Completed,2024-03-03,2024-10-14,62,EMP0160,6.0,629,86.24,
630,39,2023-10-09,Completed,2024-08-05,2024-10-14,55,EMP0152,1.0,630,86.13,
631,10,2020-09-12,Completed,2023-01-02,2024-10-14,77,EMP0269,8.0,631,92.32,http://certificates.com/631
632,44,2024-02-25,Completed,2024-03-21,2024-10-14,96,EMP0901,8.0,632,63.01,
633,11,2023-09-18,Completed,2024-03-04,2024-10-14,60,EMP0882,,633,82.67,http://certificates.com/633
634,21,2020-05-16,In Progress,,2024-10-14,7,EMP0127,,634,92.53,http://certificates.com/634
635,19,2022-06-30,In Progress,,2024-10-14,26,EMP0363,8.0,635,97.49,
636,15,2023-10-03,In Progress,,2024-10-14,22,EMP0181,,636,85.14,http://certificates.com/636
637,8,2020-07-12,Completed,2023-02-26,2024-10-14,62,EMP0119,2.0,637,60.5,
638,9,2020-07-03,Completed,2024-09-01,2024-10-14,59,EMP0099,,638,70.27,http://certificates.com/638
639,15,2020-05-04,In Progress,,2024-10-14,19,EMP0886,1.0,639,77.53,http://certificates.com/639
640,46,2020-12-23,In Progress,,2024-10-14,28,EMP0215,,640,91.33,http://certificates.com/640
641,18,2020-09-02,Completed,2021-04-08,2024-10-14,69,EMP0206,,641,65.64,http://certificates.com/641
642,32,2021-12-23,In Progress,,2024-10-14,39,EMP0958,10.0,642,61.47,
643,18,2021-04-03,In Progress,,2024-10-14,37,EMP0496,,643,92.52,
644,38,2021-12-03,Completed,2021-12-05,2024-10-14,80,EMP0432,1.0,644,79.2,http://certificates.com/644
645,14,2022-10-28,In Progress,,2024-10-14,41,EMP0575,,645,98.17,
646,40,2023-06-05,In Progress,,2024-10-14,8,EMP0480,,646,89.56,
647,1,2024-01-30,In Progress,,2024-10-14,10,EMP0519,6.0,647,87.06,
648,15,2023-07-11,Completed,2024-10-06,2024-10-14,57,EMP0382,,648,80.03,http://certificates.com/648
649,50,2019-10-21,Completed,2021-01-08,2024-10-14,89,EMP0722,4.0,649,84.68,http://certificates.com/649
650,49,2022-12-22,In Progress,,2024-10-14,13,EMP0866,,650,63.64,
651,39,2021-01-05,Completed,2021-05-07,2024-10-14,96,EMP0385,10.0,651,64.04,http://certificates.com/651
652,33,2022-10-15,In Progress,,2024-10-14,37,EMP0265,5.0,652,81.53,
653,40,2023-09-01,In Progress,,2024-10-14,31,EMP0187,,653,80.87,http://certificates.com/653
654,8,2019-12-09,In Progress,,2024-10-14,16,EMP0164,,654,67.46,http://certificates.com/654
655,4,2020-05-25,Completed,2020-10-26,2024-10-14,77,EMP0029,10.0,655,96.81,
656,14,2020-07-16,Completed,2021-04-21,2024-10-14,86,EMP0255,5.0,656,75.39,
657,2,2020-09-25,Completed,2021-02-14,2024-10-14,91,EMP0541,,657,72.69,
658,25,2021-07-18,Completed,2023-11-13,2024-10-14,78,EMP0285,7.0,658,96.69,http://certificates.com/658
659,21,2022-07-18,In Progress,,2024-10-14,46,EMP0194,7.0,659,88.69,http://certificates.com/659
660,43,2024-05-17,In Progress,,2024-10-14,23,EMP0706,2.0,660,76.81,http://certificates.com/660
661,26,2023-06-29,Completed,2024-10-02,2024-10-14,61,EMP0176,3.0,661,62.98,
662,19,2021-12-05,Completed,2023-03-24,2024-10-14,95,EMP0364,9.0,662,76.11,http://certificates.com/662
663,23,2020-07-19,Completed,2024-01-24,2024-10-14,75,EMP0799,,663,70.45,
664,14,2022-06-30,In Progress,,2024-10-14,27,EMP0063,2.0,664,89.33,http://certificates.com/664
665,19,2024-06-26,In Progress,,2024-10-14,40,EMP0450,5.0,665,62.41,http://certificates.com/665
666,49,2021-03-17,In Progress,,2024-10-14,37,EMP0548,,666,66.83,http://certificates.com/666
667,26,2022-12-05,Completed,2024-05-18,2024-10-14,100,EMP0755,8.0,667,62.8,http://certificates.com/667
668,30,2023-02-02,Completed,2024-08-21,2024-10-14,96,EMP0692,,668,73.41,
669,43,2021-05-15,Completed,2022-04-30,2024-10-14,80,EMP0549,9.0,669,77.19,
670,16,2024-01-23,Completed,2024-04-09,2024-10-14,59,EMP0408,7.0,670,88.46,http://certificates.com/670
671,31,2021-07-05,In Progress,,2024-10-14,33,EMP0516,2.0,671,83.37,
672,19,2021-10-31,In Progress,,2024-10-14,3,EMP0641,,672,89.0,http://certificates.com/672
673,18,2022-08-29,In Progress,,2024-10-14,1,EMP0954,,673,67.06,
674,30,2022-03-22,In Progress,,2024-10-14,8,EMP0651,,674,67.51,http://certificates.com/674
675,50,2021-11-10,In Progress,,2024-10-14,20,EMP0223,2.0,675,84.0,
676,5,2020-07-20,Completed,2021-04-26,2024-10-14,50,EMP0566,7.0,676,66.91,http://certificates.com/676
677,40,2020-08-27,Completed,2021-07-22,2024-10-14,66,EMP0564,,677,80.9,http://certificates.com/677
678,11,2024-07-14,Completed,2024-07-14,2024-10-14,74,EMP0609,,678,63.87,http://certificates.com/678
679,46,2022-11-11,Completed,2023-10-07,2024-10-14,90,EMP0173,3.0,679,76.55,http://certificates.com/679
680,12,2021-01-06,In Progress,,2024-10-14,18,EMP0707,,680,63.59,
681,25,2024-01-09,Completed,2024-07-20,2024-10-14,55,EMP0652,1.0,681,60.12,
682,10,2020-06-03,Completed,2021-04-07,2024-10-14,52,EMP0107,,682,99.61,http://certificates.com/682
683,20,2019-12-29,In Progress,,2024-10-14,15,EMP0217,3.0,683,88.42,
684,2,2021-11-19,In Progress,,2024-10-14,38,EMP0674,,684,69.28,
685,37,2020-06-20,Completed,2020-07-05,2024-10-14,53,EMP0037,3.0,685,65.0,http://certificates.com/685
686,33,2023-04-26,Completed,2023-05-08,2024-10-14,52,EMP0107,3.0,686,80.61,
687,37,2024-07-03,Completed,2024-08-08,2024-10-14,71,EMP0543,5.0,687,74.94,http://certificates.com/687
688,27,2022-06-25,Completed,2024-05-09,2024-10-14,88,EMP0432,1.0,688,60.36,http://certificates.com/688
689,12,2024-04-11,In Progress,,2024-10-14,44,EMP0837,,689,66.46,http://certificates.com/689
690,22,2021-01-29,Completed,2023-11-15,2024-10-14,98,EMP0621,8.0,690,79.89,http://certificates.com/690
691,37,2021-12-29,In Progress,,2024-10-14,14,EMP0994,9.0,691,65.8,
692,6,2022-07-09,Completed,2022-09-22,2024-10-14,62,EMP0574,10.0,692,60.61,
693,33,2022-06-12,Completed,2023-02-19,2024-10-14,82,EMP0915,1.0,693,80.51,http://certificates.com/693
694,3,2023-12-09,In Progress,,2024-10-14,40,EMP0492,,694,84.46,
695,6,2020-11-03,Completed,2024-09-29,2024-10-14,67,EMP0969,3.0,695,90.78,http://certificates.com/695
696,30,2020-11-21,In Progress,,2024-10-14,45,EMP0045,,696,84.47,
697,34,2022-05-13,Completed,2024-01-19,2024-10-14,88,EMP0894,,697,60.24,
698,50,2021-07-07,In Progress,,2024-10-14,24,EMP0432,,698,80.19,http://certificates.com/698
699,28,2023-04-19,In Progress,,2024-10-14,7,EMP0206,,699,68.72,http://certificates.com/699
700,26,2023-08-02,Completed,2023-11-16,2024-10-14,66,EMP0667,5.0,700,90.71,
701,25,2024-07-27,Completed,2024-08-26,2024-10-14,58,EMP0100,,701,87.88,http://certificates.com/701
702,18,2023-07-21,In Progress,,2024-10-14,23,EMP0382,,702,60.1,http://certificates.com/702
703,11,2021-09-04,Completed,2022-09-14,2024-10-14,69,EMP0733,6.0,703,71.01,
704,16,2022-11-08,Completed,2024-03-06,2024-10-14,70,EMP0943,,704,62.73,http://certificates.com/704
705,30,2020-05-22,Completed,2022-10-03,2024-10-14,86,EMP0891,,705,68.83,
706,39,2024-02-10,In Progress,,2024-10-14,8,EMP0642,7.0,706,60.19,
707,44,2020-11-18,Completed,2022-01-23,2024-10-14,76,EMP0279,8.0,707,61.6,http://certificates.com/707
708,31,2024-03-05,Completed,2024-06-05,2024-10-14,90,EMP0249,,708,98.49,http://certificates.com/708
709,45,2023-08-23,In Progress,,2024-10-14,27,EMP0021,4.0,709,86.33,http://certificates.com/709
710,41,2022-09-14,Completed,2023-03-17,2024-10-14,93,EMP0879,10.0,710,78.24,
711,15,2023-03-13,In Progress,,2024-10-14,35,EMP0825,,711,63.67,http://certificates.com/711
712,33,2021-09-27,In Progress,,2024-10-14,14,EMP0853,4.0,712,87.94,
713,34,2023-06-26,Completed,2024-06-06,2024-10-14,81,EMP0973,2.0,713,84.44,
714,39,2023-07-07,Completed,2023-07-26,2024-10-14,71,EMP0035,,714,90.18,http://certificates.com/714
715,21,2022-06-22,Completed,2024-06-12,2024-10-14,78,EMP0705,2.0,715,76.67,http://certificates.com/715
716,46,2022-07-21,Completed,2023-06-25,2024-10-14,64,EMP0927,8.0,716,84.81,
717,14,2023-06-28,In Progress,,2024-10-14,43,EMP0207,10.0,717,89.85,http://certificates.com/717
718,24,2023-06-12,In Progress,,2024-10-14,47,EMP0112,,718,63.15,
719,13,2024-03-12,In Progress,,2024-10-14,9,EMP0876,9.0,719,63.57,http://certificates.com/719
720,6,2020-02-10,In Progress,,2024-10-14,42,EMP0483,1.0,720,77.31,
721,17,2021-06-21,Completed,2023-07-30,2024-10-14,60,EMP0127,10.0,721,88.35,http://certificates.com/721
722,9,2021-11-11,Completed,2022-03-11,2024-10-14,71,EMP0394,7.0,722,82.89,
723,23,2021-06-29,In Progress,,2024-10-14,44,EMP0045,,723,72.3,
724,35,2020-06-29,Completed,2021-06-20,2024-10-14,64,EMP0398,,724,92.39,http://certificates.com/724
725,25,2022-12-25,In Progress,,2024-10-14,25,EMP0242,,725,85.15,
726,41,2024-02-09,Completed,2024-08-06,2024-10-14,95,EMP0161,,726,74.56,
727,41,2021-09-18,In Progress,,2024-10-14,10,EMP0942,,727,80.41,http://certificates.com/727
728,23,2023-12-02,Completed,2024-07-08,2024-10-14,97,EMP0845,8.0,728,82.78,
729,28,2020-02-04,Completed,2023-12-26,2024-10-14,76,EMP0090,1.0,729,85.31,http://certificates.com/729
730,10,2021-06-23,In Progress,,2024-10-14,41,EMP0446,,730,65.85,
731,2,2021-01-27,Completed,2022-02-13,2024-10-14,52,EMP0591,,731,65.95,http://certificates.com/731
732,20,2023-02-27,In Progress,,2024-10-14,42,EMP0934,,732,69.37,
733,48,2021-07-25,Completed,2023-01-08,2024-10-14,79,EMP0213,1.0,733,76.59,http://certificates.com/733
734,41,2021-01-30,In Progress,,2024-10-14,40,EMP0086,2.0,734,61.78,
735,3,2022-02-25,Completed,2024-09-12,2024-10-14,81,EMP0420,4.0,735,60.89,
736,36,2021-10-13,In Progress,,2024-10-14,12,EMP0812,10.0,736,77.35,http://certificates.com/736
737,39,2022-06-03,Completed,2023-08-03,2024-10-14,94,EMP0512,7.0,737,61.64,http://certificates.com/737
738,23,2020-06-19,In Progress,,2024-10-14,33,EMP0796,,738,84.75,
739,42,2021-10-21,In Progress,,2024-10-14,49,EMP0360,7.0,739,73.48,
740,19,2022-04-25,Completed,2022-05-20,2024-10-14,83,EMP0310,,740,93.62,http://certificates.com/740
741,46,2022-08-29,Completed,2023-05-15,2024-10-14,51,EMP0252,,741,85.85,http://certificates.com/741
742,17,2019-12-14,Completed,2022-01-07,2024-10-14,89,EMP0688,9.0,742,75.82,
743,33,2021-09-18,In Progress,,2024-10-14,7,EMP0021,,743,64.62,http://certificates.com/743
744,37,2020-10-15,In Progress,,2024-10-14,24,EMP0037,1.0,744,88.47,http://certificates.com/744
745,22,2021-04-14,Completed,2022-10-26,2024-10-14,90,EMP0036,2.0,745,68.87,
746,17,2023-06-25,Completed,2024-04-10,2024-10-14,55,EMP0975,4.0,746,84.01,http://certificates.com/746
747,16,2022-01-28,In Progress,,2024-10-14,4,EMP0986,,747,84.17,http://certificates.com/747
748,4,2020-01-31,In Progress,,2024-10-14,10,EMP0524,,748,90.23,http://certificates.com/748
749,12,2020-07-25,In Progress,,2024-10-14,19,EMP0326,7.0,749,75.56,
750,25,2021-11-10,Completed,2022-05-04,2024-10-14,66,EMP0549,,750,98.43,http://certificates.com/750
751,46,2021-05-06,In Progress,,2024-10-14,31,EMP0253,,751,99.58,
752,13,2023-09-03,In Progress,,2024-10-14,18,EMP0340,7.0,752,66.77,http://certificates.com/752
753,6,2020-11-30,In Progress,,2024-10-14,20,EMP0912,10.0,753,81.9,http://certificates.com/753
754,47,2024-05-24,In Progress,,2024-10-14,27,EMP0177,2.0,754,64.05,http://certificates.com/754
755,36,2021-08-07,In Progress,,2024-10-14,43,EMP0052,5.0,755,99.5,
756,7,2020-09-15,In Progress,,2024-10-14,18,EMP0135,,756,84.08,
757,40,2020-11-23,In Progress,,2024-10-14,42,EMP0940,3.0,757,91.05,
758,27,2023-06-22,In Progress,,2024-10-14,6,EMP0987,,758,79.92,http://certificates.com/758
759,47,2024-04-04,Completed,2024-09-26,2024-10-14,63,EMP0767,,759,80.79,http://certificates.com/759
760,19,2023-09-19,In Progress,,2024-10-14,6,EMP0739,3.0,760,82.82,
761,12,2022-01-18,In Progress,,2024-10-14,16,EMP0049,,761,98.42,http://certificates.com/761
762,50,2024-02-09,In Progress,,2024-10-14,1,EMP0817,,762,78.65,http://certificates.com/762
763,41,2024-01-01,In Progress,,2024-10-14,27,EMP0550,8.0,763,70.75,http://certificates.com/763
764,4,2021-12-11,Completed,2024-04-21,2024-10-14,83,EMP0770,,764,75.16,
765,18,2023-12-26,In Progress,,2024-10-14,35,EMP0776,7.0,765,81.29,
766,4,2023-12-08,In Progress,,2024-10-14,33,EMP0304,1.0,766,97.56,http://certificates.com/766
767,17,2021-10-26,In Progress,,2024-10-14,38,EMP0559,,767,67.53,http://certificates.com/767
768,37,2019-11-05,In Progress,,2024-10-14,49,EMP0002,6.0,768,69.73,http://certificates.com/768
769,44,2021-03-31,In Progress,,2024-10-14,8,EMP0240,3.0,769,76.4,
770,10,2021-05-10,In Progress,,2024-10-14,43,EMP0322,,770,71.84,
771,6,2024-06-18,Completed,2024-07-03,2024-10-14,88,EMP0701,,771,61.95,http://certificates.com/771
772,9,2022-06-06,In Progress,,2024-10-14,7,EMP0006,,772,92.33,http://certificates.com/772
773,17,2023-12-30,In Progress,,2024-10-14,10,EMP0470,4.0,773,98.08,
774,49,2022-12-25,Completed,2023-01-30,2024-10-14,85,EMP0914,,774,71.42,
775,20,2023-10-22,Completed,2024-05-16,2024-10-14,70,EMP0256,,775,90.88,
776,14,2023-01-31,Completed,2024-06-09,2024-10-14,75,EMP0463,,776,86.58,
777,39,2024-08-14,Completed,2024-09-07,2024-10-14,91,EMP0840,,777,70.41,
778,12,2021-06-25,Completed,2023-10-15,2024-10-14,91,EMP0302,,778,91.11,
779,48,2021-06-21,In Progress,,2024-10-14,37,EMP0921,9.0,779,77.2,
780,13,2023-01-27,In Progress,,2024-10-14,46,EMP0920,9.0,780,95.92,http://certificates.com/780
781,39,2019-11-14,Completed,2020-01-10,2024-10-14,65,EMP0440,6.0,781,72.84,http://certificates.com/781
782,34,2020-05-15,Completed,2022-02-21,2024-10-14,55,EMP0426,,782,95.67,http://certificates.com/782
783,4,2024-06-29,Completed,2024-08-23,2024-10-14,71,EMP0265,5.0,783,82.47,
784,44,2022-09-01,Completed,2022-09-06,2024-10-14,92,EMP0897,,784,66.02,http://certificates.com/784
785,35,2021-10-31,In Progress,,2024-10-14,34,EMP0154,4.0,785,61.31,
786,29,2020-03-30,In Progress,,2024-10-14,35,EMP0886,7.0,786,82.07,http://certificates.com/786
787,33,2024-08-02,In Progress,,2024-10-14,36,EMP0311,3.0,787,62.07,
788,41,2019-12-07,In Progress,,2024-10-14,34,EMP0733,7.0,788,87.03,
789,12,2024-06-14,Completed,2024-08-16,2024-10-14,73,EMP0338,,789,89.77,http://certificates.com/789
790,29,2023-07-02,Completed,2023-11-11,2024-10-14,96,EMP0686,2.0,790,61.25,
791,11,2024-02-02,In Progress,,2024-10-14,14,EMP0001,10.0,791,85.83,http://certificates.com/791
792,27,2023-11-01,Completed,2024-01-19,2024-10-14,92,EMP0869,,792,79.38,
793,22,2023-07-25,In Progress,,2024-10-14,3,EMP0032,10.0,793,84.71,http://certificates.com/793
794,33,2023-01-28,In Progress,,2024-10-14,28,EMP0871,10.0,794,93.07,
795,17,2021-03-15,Completed,2021-04-13,2024-10-14,71,EMP0550,3.0,795,62.65,
796,19,2020-12-02,In Progress,,2024-10-14,12,EMP0093,6.0,796,98.46,http://certificates.com/796
797,37,2021-12-28,In Progress,,2024-10-14,8,EMP0602,,797,93.34,
798,7,2021-08-03,Completed,2024-01-15,2024-10-14,85,EMP0983,3.0,798,67.12,
799,45,2022-09-11,In Progress,,2024-10-14,10,EMP0453,10.0,799,84.98,http://certificates.com/799
800,15,2021-12-15,Completed,2022-02-10,2024-10-14,74,EMP0689,9.0,800,78.13,http://certificates.com/800
801,7,2021-09-05,In Progress,,2024-10-14,17,EMP0708,10.0,801,93.07,
802,21,2021-09-22,Completed,2023-04-12,2024-10-14,50,EMP0003,10.0,802,89.53,
803,26,2021-06-28,Completed,2024-05-12,2024-10-14,96,EMP0898,,803,88.87,
804,8,2019-12-23,Completed,2020-04-16,2024-10-14,93,EMP0489,8.0,804,61.44,
805,35,2020-11-16,Completed,2021-02-01,2024-10-14,71,EMP0661,5.0,805,73.34,http://certificates.com/805
806,10,2023-03-05,Completed,2024-03-30,2024-10-14,92,EMP0285,7.0,806,94.97,
807,39,2024-09-05,In Progress,,2024-10-14,10,EMP0402,3.0,807,83.25,http://certificates.com/807
808,29,2024-05-29,Completed,2024-08-25,2024-10-14,77,EMP0853,5.0,808,63.71,http://certificates.com/808
809,24,2023-07-11,In Progress,,2024-10-14,45,EMP0830,9.0,809,71.58,
810,8,2020-08-29,In Progress,,2024-10-14,3,EMP0872,,810,85.09,
811,14,2020-10-31,In Progress,,2024-10-14,41,EMP0370,4.0,811,69.52,
812,31,2020-10-03,Completed,2024-09-30,2024-10-14,83,EMP0707,3.0,812,95.87,http://certificates.com/812
813,21,2019-11-10,In Progress,,2024-10-14,33,EMP0516,9.0,813,86.28,
814,27,2020-03-12,Completed,2024-09-17,2024-10-14,88,EMP0006,5.0,814,81.49,
815,2,2022-02-12,Completed,2024-09-21,2024-10-14,91,EMP0293,1.0,815,89.96,
816,39,2022-02-17,Completed,2024-09-10,2024-10-14,72,EMP0499,,816,61.66,
817,47,2021-05-22,Completed,2022-04-20,2024-10-14,57,EMP0865,,817,74.52,
818,17,2021-08-22,Completed,2023-09-01,2024-10-14,97,EMP0648,3.0,818,71.89,
819,18,2020-08-11,In Progress,,2024-10-14,3,EMP0172,10.0,819,69.3,
820,39,2023-09-07,Completed,2024-04-14,2024-10-14,57,EMP0923,7.0,820,88.04,http://certificates.com/820
821,32,2023-11-02,Completed,2023-12-26,2024-10-14,55,EMP0238,,821,65.22,
822,18,2024-06-08,In Progress,,2024-10-14,9,EMP0720,7.0,822,70.63,
823,16,2023-06-05,Completed,2024-08-22,2024-10-14,79,EMP0992,,823,70.52,http://certificates.com/823
824,2,2024-04-11,In Progress,,2024-10-14,13,EMP0041,,824,70.22,
825,40,2020-07-24,Completed,2023-08-03,2024-10-14,85,EMP0019,,825,71.33,
826,6,2021-03-23,Completed,2024-04-19,2024-10-14,84,EMP0881,,826,60.6,http://certificates.com/826
827,35,2021-05-26,In Progress,,2024-10-14,15,EMP0643,5.0,827,85.71,http://certificates.com/827
828,35,2022-02-03,Completed,2022-05-23,2024-10-14,56,EMP0164,,828,74.22,http://certificates.com/828
829,43,2021-02-09,In Progress,,2024-10-14,14,EMP0522,,829,64.54,
830,7,2020-04-20,In Progress,,2024-10-14,29,EMP0521,4.0,830,61.61,
831,15,2023-06-11,In Progress,,2024-10-14,32,EMP0932,,831,84.37,
832,46,2020-06-10,Completed,2022-11-05,2024-10-14,60,EMP0230,10.0,832,78.14,
833,31,2021-04-19,Completed,2023-07-06,2024-10-14,78,EMP0552,7.0,833,77.57,
834,3,2022-06-19,In Progress,,2024-10-14,26,EMP0309,,834,88.68,http://certificates.com/834
835,9,2024-03-28,Completed,2024-04-22,2024-10-14,50,EMP0372,,835,90.95,http://certificates.com/835
836,34,2021-06-05,Completed,2024-05-12,2024-10-14,63,EMP0202,,836,75.19,
837,27,2020-05-10,In Progress,,2024-10-14,1,EMP0710,,837,81.47,http://certificates.com/837
838,25,2021-05-02,Completed,2023-11-30,2024-10-14,89,EMP0839,6.0,838,71.08,http://certificates.com/838
839,46,2024-03-08,Completed,2024-08-25,2024-10-14,68,EMP0688,7.0,839,97.06,
840,20,2024-01-07,In Progress,,2024-10-14,32,EMP0529,,840,71.26,
841,18,2023-01-08,Completed,2023-07-20,2024-10-14,64,EMP0370,,841,78.54,
842,46,2024-02-02,In Progress,,2024-10-14,30,EMP0034,10.0,842,96.43,
843,28,2021-02-22,Completed,2021-03-18,2024-10-14,52,EMP0703,6.0,843,86.81,
844,18,2022-10-26,Completed,2023-01-01,2024-10-14,59,EMP0379,3.0,844,67.62,
845,38,2024-01-24,Completed,2024-05-12,2024-10-14,83,EMP0507,3.0,845,67.64,http://certificates.com/845
846,24,2023-10-06,In Progress,,2024-10-14,33,EMP0167,,846,93.47,
847,15,2022-06-14,Completed,2024-05-10,2024-10-14,84,EMP0690,9.0,847,77.45,
848,42,2022-09-20,In Progress,,2024-10-14,28,EMP0800,3.0,848,93.32,http://certificates.com/848
849,31,2023-11-13,In Progress,,2024-10-14,14,EMP0185,,849,64.04,
850,23,2023-12-02,In Progress,,2024-10-14,37,EMP0127,2.0,850,62.0,
851,22,2023-01-23,In Progress,,2024-10-14,30,EMP0099,,851,64.43,http://certificates.com/851
852,50,2022-01-12,In Progress,,2024-10-14,10,EMP0533,,852,66.38,http://certificates.com/852
853,46,2020-04-08,Completed,2022-02-05,2024-10-14,83,EMP0820,2.0,853,98.1,http://certificates.com/853
854,38,2023-10-12,In Progress,,2024-10-14,29,EMP0649,,854,80.11,
855,25,2021-03-30,In Progress,,2024-10-14,24,EMP0184,,855,72.73,http://certificates.com/855
856,42,2020-09-30,In Progress,,2024-10-14,17,EMP0308,,856,97.61,
857,23,2020-08-04,In Progress,,2024-10-14,6,EMP0442,,857,89.57,
858,19,2021-10-15,In Progress,,2024-10-14,24,EMP0084,10.0,858,85.07,http://certificates.com/858
859,25,2024-07-24,In Progress,,2024-10-14,33,EMP0777,8.0,859,97.44,
860,31,2021-09-27,In Progress,,2024-10-14,45,EMP0431,10.0,860,65.88,
861,45,2023-12-26,In Progress,,2024-10-14,47,EMP0221,,861,65.79,http://certificates.com/861
862,2,2020-12-19,In Progress,,2024-10-14,5,EMP0175,9.0,862,87.0,
863,23,2019-11-21,Completed,2020-09-13,2024-10-14,98,EMP0333,6.0,863,77.77,
864,49,2024-05-22,In Progress,,2024-10-14,38,EMP0985,,864,68.41,
865,34,2019-11-20,Completed,2023-09-24,2024-10-14,75,EMP0302,3.0,865,65.46,
866,36,2021-04-02,In Progress,,2024-10-14,11,EMP0403,3.0,866,75.97,http://certificates.com/866
867,6,2023-08-18,Completed,2023-09-04,2024-10-14,86,EMP0769,4.0,867,60.65,
868,26,2020-02-20,In Progress,,2024-10-14,13,EMP0718,7.0,868,68.34,http://certificates.com/868
869,25,2020-07-27,In Progress,,2024-10-14,43,EMP0556,,869,71.96,http://certificates.com/869
870,10,2024-03-17,In Progress,,2024-10-14,6,EMP0550,6.0,870,89.12,
871,21,2023-11-03,In Progress,,2024-10-14,29,EMP0491,,871,92.75,
872,20,2024-01-14,In Progress,,2024-10-14,39,EMP0756,,872,95.68,http://certificates.com/872
873,1,2023-10-24,Completed,2024-05-20,2024-10-14,81,EMP0270,7.0,873,75.12,http://certificates.com/873
874,38,2023-01-02,In Progress,,2024-10-14,11,EMP0095,,874,63.11,http://certificates.com/874
875,21,2022-03-19,Completed,2023-08-27,2024-10-14,93,EMP0872,,875,73.88,
876,36,2022-05-07,Completed,2024-05-19,2024-10-14,76,EMP0876,3.0,876,91.66,
877,16,2022-06-18,In Progress,,2024-10-14,27,EMP0808,7.0,877,67.75,http://certificates.com/877
878,18,2021-02-26,Completed,2023-10-22,2024-10-14,83,EMP0094,1.0,878,79.75,http://certificates.com/878
879,11,2022-04-09,In Progress,,2024-10-14,6,EMP0758,1.0,879,62.76,
880,15,2024-03-29,In Progress,,2024-10-14,22,EMP0232,6.0,880,92.47,
881,12,2022-05-10,Completed,2023-02-03,2024-10-14,55,EMP0906,,881,94.92,http://certificates.com/881
882,49,2023-04-08,In Progress,,2024-10-14,33,EMP0294,1.0,882,89.23,http://certificates.com/882
883,12,2024-09-23,In Progress,,2024-10-14,50,EMP0542,8.0,883,70.1,http://certificates.com/883
884,23,2024-05-07,In Progress,,2024-10-14,9,EMP0844,10.0,884,96.99,http://certificates.com/884
885,50,2020-11-27,Completed,2021-07-17,2024-10-14,92,EMP0134,,885,61.43,
886,29,2024-07-15,Completed,2024-09-07,2024-10-14,100,EMP0206,5.0,886,63.07,
887,48,2023-01-12,Completed,2024-05-28,2024-10-14,83,EMP0409,7.0,887,74.26,http://certificates.com/887
888,25,2021-12-28,Completed,2023-04-08,2024-10-14,55,EMP0789,,888,71.54,
889,15,2023-11-24,In Progress,,2024-10-14,6,EMP0755,,889,65.76,
890,8,2020-01-06,In Progress,,2024-10-14,7,EMP0715,,890,66.43,
891,13,2023-05-18,Completed,2023-12-01,2024-10-14,71,EMP0483,,891,96.72,
892,6,2022-12-19,Completed,2024-03-04,2024-10-14,95,EMP0728,,892,69.84,
893,45,2023-11-16,In Progress,,2024-10-14,46,EMP0433,,893,78.69,
894,27,2023-10-10,In Progress,,2024-10-14,38,EMP0972,6.0,894,93.23,http://certificates.com/894
895,44,2023-05-14,In Progress,,2024-10-14,46,EMP0156,1.0,895,74.04,
896,2,2022-09-13,In Progress,,2024-10-14,11,EMP0145,2.0,896,99.25,http://certificates.com/896
897,27,2021-01-30,In Progress,,2024-10-14,29,EMP0401,2.0,897,69.67,
898,43,2022-01-15,Completed,2022-12-03,2024-10-14,72,EMP0657,,898,97.4,
899,22,2023-09-11,In Progress,,2024-10-14,27,EMP0197,8.0,899,76.96,http://certificates.com/899
900,28,2020-09-19,Completed,2023-12-15,2024-10-14,98,EMP0678,6.0,900,77.38,http://certificates.com/900
901,45,2024-04-21,Completed,2024-04-21,2024-10-14,65,EMP0354,8.0,901,64.99,
902,44,2022-11-15,Completed,2022-12-08,2024-10-14,84,EMP0118,,902,93.56,http://certificates.com/902
903,32,2022-06-10,In Progress,,2024-10-14,19,EMP0815,,903,77.84,
904,44,2022-08-04,Completed,2023-03-01,2024-10-14,59,EMP0391,7.0,904,95.79,
905,14,2021-12-21,Completed,2022-08-28,2024-10-14,100,EMP0634,,905,73.02,http://certificates.com/905
906,34,2023-06-04,In Progress,,2024-10-14,42,EMP0511,,906,60.49,
907,23,2021-04-20,Completed,2023-07-01,2024-10-14,62,EMP0310,,907,83.32,
908,25,2024-10-06,Completed,2024-10-12,2024-10-14,97,EMP0884,,908,67.7,
909,29,2020-06-08,Completed,2023-12-08,2024-10-14,71,EMP0201,,909,85.87,http://certificates.com/909
910,16,2020-03-18,In Progress,,2024-10-14,43,EMP0269,,910,71.81,
911,36,2023-07-12,In Progress,,2024-10-14,4,EMP0416,9.0,911,73.86,http://certificates.com/911
912,33,2023-10-20,Completed,2024-09-27,2024-10-14,66,EMP0582,1.0,912,91.57,
913,35,2024-01-25,Completed,2024-04-14,2024-10-14,66,EMP0864,4.0,913,77.03,
914,29,2022-12-28,Completed,2024-08-16,2024-10-14,86,EMP0653,6.0,914,66.63,
915,2,2021-12-30,In Progress,,2024-10-14,0,EMP0657,,915,89.74,
916,25,2020-04-05,Completed,2020-12-07,2024-10-14,66,EMP0639,,916,74.41,
917,35,2024-07-07,Completed,2024-08-25,2024-10-14,63,EMP0078,,917,88.53,
918,27,2022-06-16,Completed,2022-10-31,2024-10-14,70,EMP0984,,918,90.88,
919,9,2020-10-07,Completed,2023-06-08,2024-10-14,84,EMP0433,,919,95.78,
920,49,2020-01-30,Completed,2023-07-30,2024-10-14,73,EMP0254,1.0,920,60.27,
921,25,2024-02-17,Completed,2024-03-31,2024-10-14,77,EMP0115,,921,64.74,
922,36,2021-10-09,In Progress,,2024-10-14,2,EMP0823,,922,85.27,http://certificates.com/922
923,12,2024-03-01,In Progress,,2024-10-14,46,EMP0424,4.0,923,93.88,http://certificates.com/923
924,23,2023-12-12,In Progress,,2024-10-14,49,EMP0779,4.0,924,81.95,
925,34,2020-08-04,In Progress,,2024-10-14,46,EMP0215,8.0,925,68.62,http://certificates.com/925
926,31,2023-07-16,Completed,2024-02-03,2024-10-14,59,EMP0547,9.0,926,75.1,
927,20,2021-02-14,In Progress,,2024-10-14,25,EMP0577,10.0,927,97.05,
928,1,2022-04-28,In Progress,,2024-10-14,26,EMP0575,2.0,928,85.77,http://certificates.com/928
929,3,2024-05-30,Completed,2024-08-27,2024-10-14,77,EMP0468,5.0,929,95.27,http://certificates.com/929
930,15,2022-12-04,Completed,2022-12-22,2024-10-14,90,EMP0147,,930,70.7,http://certificates.com/930
931,26,2024-02-20,In Progress,,2024-10-14,5,EMP0361,7.0,931,80.76,http://certificates.com/931
932,16,2022-04-06,In Progress,,2024-10-14,37,EMP0725,1.0,932,96.39,
933,18,2020-01-29,Completed,2021-01-21,2024-10-14,50,EMP0187,,933,73.43,http://certificates.com/933
934,2,2023-03-13,Completed,2024-05-16,2024-10-14,75,EMP0340,,934,70.54,
935,2,2024-04-03,Completed,2024-06-10,2024-10-14,83,EMP0412,,935,78.24,
936,38,2021-07-10,In Progress,,2024-10-14,45,EMP0003,,936,73.38,http://certificates.com/936
937,44,2023-12-16,Completed,2024-04-26,2024-10-14,86,EMP0968,,937,99.2,
938,31,2022-06-09,Completed,2024-01-31,2024-10-14,54,EMP0748,6.0,938,89.8,http://certificates.com/938
939,26,2022-06-02,In Progress,,2024-10-14,6,EMP0457,6.0,939,99.32,http://certificates.com/939
940,12,2020-08-21,Completed,2023-02-04,2024-10-14,72,EMP0395,,940,71.7,
941,35,2023-02-19,In Progress,,2024-10-14,31,EMP0308,,941,87.01,http://certificates.com/941
942,5,2021-02-07,Completed,2024-07-24,2024-10-14,64,EMP0003,,942,83.64,http://certificates.com/942
943,42,2022-06-03,Completed,2023-02-25,2024-10-14,56,EMP0010,9.0,943,85.3,http://certificates.com/943
944,3,2024-09-25,Completed,2024-10-12,2024-10-14,56,EMP0924,5.0,944,62.98,http://certificates.com/944
945,27,2021-05-22,Completed,2024-08-10,2024-10-14,84,EMP0909,5.0,945,82.91,http://certificates.com/945
946,14,2023-09-28,Completed,2024-07-29,2024-10-14,54,EMP0179,,946,77.91,http://certificates.com/946
947,18,2023-11-23,Completed,2024-06-07,2024-10-14,99,EMP0179,10.0,947,80.35,
948,34,2021-05-23,Completed,2022-12-25,2024-10-14,86,EMP0197,4.0,948,66.45,http://certificates.com/948
949,17,2023-10-19,Completed,2024-03-05,2024-10-14,67,EMP0796,,949,97.35,http://certificates.com/949
950,21,2021-04-21,Completed,2021-09-04,2024-10-14,58,EMP0948,3.0,950,91.04,
951,29,2020-11-15,Completed,2024-07-01,2024-10-14,79,EMP0772,,951,84.0,
952,3,2020-09-16,In Progress,,2024-10-14,35,EMP0253,2.0,952,80.62,http://certificates.com/952
953,16,2024-09-13,In Progress,,2024-10-14,28,EMP0347,,953,77.06,
954,5,2022-05-23,Completed,2024-10-05,2024-10-14,98,EMP0827,9.0,954,85.27,
955,24,2021-05-04,In Progress,,2024-10-14,24,EMP0573,5.0,955,76.69,http://certificates.com/955
956,14,2023-02-01,In Progress,,2024-10-14,28,EMP0474,2.0,956,60.82,http://certificates.com/956
957,15,2022-12-17,In Progress,,2024-10-14,23,EMP0175,8.0,957,99.14,
958,26,2022-07-12,In Progress,,2024-10-14,34,EMP0914,4.0,958,71.29,http://certificates.com/958
959,9,2022-09-26,In Progress,,2024-10-14,38,EMP0618,,959,81.87,http://certificates.com/959
960,24,2020-06-13,In Progress,,2024-10-14,2,EMP0495,,960,68.02,http://certificates.com/960
961,49,2021-04-22,Completed,2024-09-15,2024-10-14,56,EMP0530,,961,75.07,
962,30,2021-08-03,In Progress,,2024-10-14,37,EMP0481,,962,63.57,http://certificates.com/962
963,27,2020-08-10,In Progress,,2024-10-14,34,EMP0443,,963,92.59,
964,24,2019-12-26,In Progress,,2024-10-14,0,EMP0225,1.0,964,80.37,http://certificates.com/964
965,50,2020-09-14,Completed,2022-06-23,2024-10-14,91,EMP0162,8.0,965,63.03,http://certificates.com/965
966,3,2023-12-04,In Progress,,2024-10-14,28,EMP0906,1.0,966,67.59,
967,40,2022-05-15,Completed,2022-05-28,2024-10-14,87,EMP0302,,967,77.45,http://certificates.com/967
968,25,2020-03-01,Completed,2023-10-06,2024-10-14,63,EMP0812,,968,98.84,
969,4,2024-02-13,Completed,2024-03-31,2024-10-14,82,EMP0087,4.0,969,79.6,http://certificates.com/969
970,5,2024-09-17,In Progress,,2024-10-14,7,EMP0645,,970,73.15,http://certificates.com/970
971,29,2023-08-08,Completed,2023-11-29,2024-10-14,73,EMP0969,4.0,971,67.89,http://certificates.com/971
972,25,2020-01-02,In Progress,,2024-10-14,50,EMP0527,7.0,972,88.02,
973,38,2023-05-08,In Progress,,2024-10-14,35,EMP0771,,973,72.18,
974,24,2020-08-27,In Progress,,2024-10-14,11,EMP0063,,974,74.86,http://certificates.com/974
975,42,2023-05-24,Completed,2024-04-01,2024-10-14,56,EMP0614,,975,63.73,http://certificates.com/975
976,24,2019-12-07,Completed,2024-04-16,2024-10-14,62,EMP0312,2.0,976,85.27,http://certificates.com/976
977,45,2021-10-07,In Progress,,2024-10-14,38,EMP0764,4.0,977,75.53,
978,6,2020-11-02,Completed,2024-03-02,2024-10-14,52,EMP0749,10.0,978,81.01,http://certificates.com/978
979,34,2021-09-07,Completed,2023-07-03,2024-10-14,100,EMP0252,,979,72.29,
980,14,2023-10-06,In Progress,,2024-10-14,12,EMP0141,2.0,980,98.76,http://certificates.com/980
981,16,2021-02-19,Completed,2023-06-29,2024-10-14,74,EMP0515,,981,87.26,
982,48,2020-03-02,In Progress,,2024-10-14,2,EMP0498,,982,99.49,
983,11,2020-10-02,In Progress,,2024-10-14,12,EMP0249,1.0,983,76.84,
984,4,2021-04-22,In Progress,,2024-10-14,10,EMP0182,8.0,984,94.17,http://certificates.com/984
985,37,2024-08-24,Completed,2024-08-30,2024-10-14,50,EMP0765,4.0,985,78.24,
986,24,2024-01-12,In Progress,,2024-10-14,40,EMP0080,,986,67.79,
987,13,2024-01-31,Completed,2024-09-21,2024-10-14,58,EMP0094,,987,98.45,http://certificates.com/987
988,33,2020-04-02,Completed,2020-11-21,2024-10-14,94,EMP0771,8.0,988,79.73,http://certificates.com/988
989,35,2022-07-17,Completed,2024-08-27,2024-10-14,79,EMP0375,,989,78.62,
990,37,2024-01-17,Completed,2024-05-25,2024-10-14,55,EMP0063,1.0,990,71.89,
991,9,2020-03-05,Completed,2021-10-20,2024-10-14,98,EMP0853,7.0,991,64.26,http://certificates.com/991
992,50,2021-01-18,Completed,2022-09-06,2024-10-14,52,EMP0884,,992,79.3,http://certificates.com/992
993,40,2020-03-27,Completed,2020-07-01,2024-10-14,99,EMP0835,7.0,993,81.44,http://certificates.com/993
994,11,2022-12-26,In Progress,,2024-10-14,50,EMP0574,2.0,994,96.71,http://certificates.com/994
995,10,2022-07-22,Completed,2023-03-28,2024-10-14,50,EMP0341,10.0,995,66.93,
996,10,2022-04-23,In Progress,,2024-10-14,44,EMP0875,3.0,996,91.82,http://certificates.com/996
997,7,2020-04-26,In Progress,,2024-10-14,45,EMP0001,,997,73.8,http://certificates.com/997
998,45,2020-03-20,Completed,2022-09-04,2024-10-14,61,EMP0862,8.0,998,83.44,http://certificates.com/998
999,38,2022-11-18,In Progress,,2024-10-14,19,EMP0678,,999,98.48,
1000,20,2024-04-27,Completed,2024-07-30,2024-10-14,58,EMP0821,,1000,67.97,
